Purchase ID;Date;Product;Quantity;Total
1;2024-01-08;Croissant de Almendras;3;105,00
29;2024-01-10;Pan de Chocolate;10;200,00
29;2024-01-10;Croissant de Chocolate;2;60,00
29;2024-01-10;Rosquilla de Anís;5;50,00
29;2024-01-10;Galleta de Coco;12;144,00
29;2024-01-10;Bombón de Chocolate;7;56,00
29;2024-01-10;Galleta de Chocolate;6;60,00
29;2024-01-10;Tarta de Manzana;4;600,00
29;2024-01-10;Galleta de Mantequilla;2;20,00
51;2024-01-07;Magdalena de Chocolate;1;12,00
51;2024-01-07;Bombón de Chocolate;3;24,00
51;2024-01-07;Tarta de Frutas;6;1080,00
51;2024-01-07;Donut Glaseado;8;120,00
51;2024-01-07;Profiterol;1;15,00
51;2024-01-07;Eclair de Vainilla;9;315,00
66;2024-01-07;Cheesecake de Oreo;12;2640,00
66;2024-01-07;Galleta de Chocolate;8;80,00
66;2024-01-07;Galleta de Jengibre;4;60,00
72;2024-01-01;Macaron de Frambuesa;8;120,00
72;2024-01-01;Tarta de Manzana;3;450,00
72;2024-01-01;Croissant de Chocolate;8;240,00
72;2024-01-01;Tiramisú Individual;1;45,00
72;2024-01-01;Muffin de Arándanos;4;100,00
76;2024-01-21;Bretzel Dulce;3;60,00
76;2024-01-21;Tiramisú Individual;4;180,00
76;2024-01-21;Pan de Leche;5;50,00
76;2024-01-21;Strudel de Manzana;8;280,00
76;2024-01-21;Tarta de Frutas;8;1440,00
76;2024-01-21;Roll de Chocolate;3;75,00
76;2024-01-21;Donut Glaseado;8;120,00
93;2024-01-16;Napolitana de Chocolate;11;275,00
93;2024-01-16;Macaron de Frambuesa;12;180,00
101;2024-01-06;Pan de Leche;9;90,00
101;2024-01-06;Galleta de Avena;4;40,00
101;2024-01-06;Galleta de Jengibre;5;75,00
101;2024-01-06;Tarta de Café;4;640,00
105;2024-01-18;Brownie;9;270,00
105;2024-01-18;Donut Relleno;4;80,00
137;2024-01-09;Pan de Chocolate;10;200,00
137;2024-01-09;Tarta de Café;12;1920,00
137;2024-01-09;Galleta de Almendra;4;48,00
137;2024-01-09;Roll de Canela;3;75,00
137;2024-01-09;Eclair de Chocolate;1;35,00
141;2024-01-24;Rosquilla de Anís;5;50,00
146;2024-01-12;Pan de Chocolate;3;60,00
146;2024-01-12;Donut Glaseado;8;120,00
146;2024-01-12;Magdalena Clásica;2;20,00
146;2024-01-12;Napolitana de Crema;8;200,00
146;2024-01-12;Brownie;8;240,00
146;2024-01-12;Macaron de Pistacho;4;60,00
146;2024-01-12;Croissant Clásico;11;275,00
148;2024-01-22;Tarta Red Velvet;9;1800,00
148;2024-01-22;Tarta de Limón;7;1050,00
148;2024-01-22;Cheesecake de Oreo;5;1100,00
167;2024-01-05;Galleta de Avena;6;60,00
167;2024-01-05;Galleta de Mantequilla;10;100,00
167;2024-01-05;Tiramisú Individual;8;360,00
167;2024-01-05;Galleta de Almendra;7;84,00
167;2024-01-05;Berlina de Crema;1;20,00
167;2024-01-05;Croissant de Almendras;1;35,00
167;2024-01-05;Magdalena Clásica;9;90,00
184;2024-01-07;Pan de Chocolate;2;40,00
184;2024-01-07;Rosquilla de Anís;2;20,00
184;2024-01-07;Donut Glaseado;3;45,00
184;2024-01-07;Mini Tarta de Frutas;8;400,00
199;2024-01-17;Tarta de Manzana;4;600,00
199;2024-01-17;Cheesecake de Fresa;3;660,00
199;2024-01-17;Galleta de Jengibre;11;165,00
199;2024-01-17;Berlina de Chocolate;3;60,00
199;2024-01-17;Tarta de Chocolate;7;1120,00
199;2024-01-17;Napolitana de Chocolate;7;175,00
199;2024-01-17;Muffin de Chocolate;10;250,00
200;2024-01-21;Galleta de Coco;1;12,00
200;2024-01-21;Pan de Leche;6;60,00
220;2024-01-20;Mini Tarta de Frutas;10;500,00
220;2024-01-20;Macaron de Pistacho;7;105,00
220;2024-01-20;Croissant de Almendras;8;280,00
220;2024-01-20;Galleta de Jengibre;12;180,00
220;2024-01-20;Berlina de Chocolate;6;120,00
220;2024-01-20;Donut de Chocolate;3;45,00
220;2024-01-20;Bombón de Chocolate;8;64,00
227;2024-01-11;Croissant Clásico;6;150,00
227;2024-01-11;Magdalena Clásica;3;30,00
227;2024-01-11;Tarta de Chocolate;10;1600,00
248;2024-01-15;Galleta de Coco;3;36,00
248;2024-01-15;Tiramisú Individual;9;405,00
248;2024-01-15;Galleta de Mantequilla;6;60,00
248;2024-01-15;Palmera de Chocolate;12;300,00
248;2024-01-15;Donut Glaseado;12;180,00
248;2024-01-15;Donut Relleno;10;200,00
248;2024-01-15;Magdalena de Chocolate;12;144,00
262;2024-01-24;Berlina de Crema;4;80,00
262;2024-01-24;Macaron de Chocolate;4;60,00
262;2024-01-24;Tarta de Manzana;6;900,00
262;2024-01-24;Magdalena de Chocolate;11;132,00
262;2024-01-24;Donut Relleno;8;160,00
262;2024-01-24;Pan de Leche;8;80,00
262;2024-01-24;Napolitana de Chocolate;11;275,00
265;2024-01-20;Berlina de Crema;5;100,00
265;2024-01-20;Donut Relleno;11;220,00
268;2024-01-27;Palmera Natural;3;60,00
268;2024-01-27;Galleta de Almendra;5;60,00
272;2024-01-02;Profiterol;8;120,00
272;2024-01-02;Pan de Chocolate;5;100,00
272;2024-01-02;Eclair de Vainilla;3;105,00
272;2024-01-02;Macaron de Pistacho;4;60,00
272;2024-01-02;Brownie;12;360,00
272;2024-01-02;Cheesecake Clásico;10;2000,00
274;2024-01-24;Napolitana de Chocolate;1;25,00
274;2024-01-24;Galleta de Almendra;4;48,00
274;2024-01-24;Macaron de Vainilla;9;135,00
320;2024-01-28;Croissant de Almendras;6;210,00
339;2024-01-04;Eclair de Chocolate;3;105,00
339;2024-01-04;Pan de Leche;7;70,00
339;2024-01-04;Napolitana de Chocolate;8;200,00
339;2024-01-04;Brownie;12;360,00
341;2024-01-04;Macaron de Pistacho;5;75,00
341;2024-01-04;Roll de Chocolate;11;275,00
341;2024-01-04;Cheesecake de Oreo;2;440,00
341;2024-01-04;Tarta de Limón;11;1650,00
356;2024-01-02;Galleta de Coco;7;84,00
356;2024-01-02;Roll de Canela;11;275,00
356;2024-01-02;Galleta de Chocolate;11;110,00
356;2024-01-02;Croissant Clásico;2;50,00
356;2024-01-02;Pan de Chocolate;2;40,00
356;2024-01-02;Eclair de Chocolate;2;70,00
383;2024-01-15;Galleta de Mantequilla;11;110,00
383;2024-01-15;Galleta de Chocolate;11;110,00
383;2024-01-15;Tarta de Chocolate;12;1920,00
383;2024-01-15;Muffin de Arándanos;9;225,00
383;2024-01-15;Magdalena de Chocolate;10;120,00
383;2024-01-15;Tarta de Manzana;8;1200,00
383;2024-01-15;Profiterol;7;105,00
383;2024-01-15;Donut de Chocolate;2;30,00
386;2024-01-04;Brownie;3;90,00
386;2024-01-04;Bretzel Dulce;8;160,00
389;2024-01-06;Berlina de Crema;3;60,00
389;2024-01-06;Tarta Red Velvet;8;1600,00
389;2024-01-06;Mini Tarta de Frutas;9;450,00
389;2024-01-06;Cheesecake de Oreo;3;660,00
389;2024-01-06;Tarta de Chocolate;6;960,00
389;2024-01-06;Macaron de Vainilla;10;150,00
409;2024-01-23;Rosquilla de Anís;12;120,00
409;2024-01-23;Palmera Natural;10;200,00
409;2024-01-23;Strudel de Manzana;6;210,00
409;2024-01-23;Roll de Chocolate;11;275,00
409;2024-01-23;Galleta de Mantequilla;1;10,00
417;2024-01-05;Brownie;3;90,00
417;2024-01-05;Croissant Clásico;7;175,00
417;2024-01-05;Macaron de Chocolate;4;60,00
417;2024-01-05;Pan de Leche;7;70,00
417;2024-01-05;Muffin de Arándanos;12;300,00
431;2024-01-04;Donut Glaseado;11;165,00
431;2024-01-04;Napolitana de Crema;8;200,00
438;2024-01-10;Magdalena de Chocolate;6;72,00
438;2024-01-10;Rosquilla de Anís;7;70,00
445;2024-01-27;Cheesecake Clásico;6;1200,00
445;2024-01-27;Tarta Red Velvet;9;1800,00
445;2024-01-27;Croissant Clásico;8;200,00
445;2024-01-27;Bretzel Dulce;11;220,00
445;2024-01-27;Brownie;8;240,00
445;2024-01-27;Macaron de Frambuesa;9;135,00
445;2024-01-27;Palmera de Chocolate;9;225,00
445;2024-01-27;Cheesecake de Oreo;5;1100,00
449;2024-01-15;Macaron de Frambuesa;11;165,00
449;2024-01-15;Profiterol;3;45,00
449;2024-01-15;Cheesecake Clásico;5;1000,00
449;2024-01-15;Bretzel Dulce;5;100,00
449;2024-01-15;Magdalena Clásica;10;100,00
449;2024-01-15;Palmera Natural;12;240,00
456;2024-01-04;Donut Glaseado;3;45,00
456;2024-01-04;Croissant de Chocolate;1;30,00
456;2024-01-04;Cheesecake de Fresa;6;1320,00
456;2024-01-04;Berlina de Crema;10;200,00
456;2024-01-04;Magdalena Clásica;2;20,00
456;2024-01-04;Eclair de Vainilla;12;420,00
457;2024-01-12;Macaron de Frambuesa;6;90,00
457;2024-01-12;Magdalena Clásica;4;40,00
457;2024-01-12;Galleta de Chocolate;12;120,00
457;2024-01-12;Cheesecake Clásico;1;200,00
457;2024-01-12;Roll de Chocolate;11;275,00
457;2024-01-12;Galleta de Avena;9;90,00
457;2024-01-12;Croissant de Chocolate;2;60,00
457;2024-01-12;Napolitana de Crema;6;150,00
465;2024-01-28;Macaron de Frambuesa;11;165,00
465;2024-01-28;Roll de Canela;3;75,00
465;2024-01-28;Pan de Chocolate;6;120,00
465;2024-01-28;Bretzel Dulce;11;220,00
465;2024-01-28;Napolitana de Crema;6;150,00
465;2024-01-28;Galleta de Mantequilla;7;70,00
465;2024-01-28;Roll de Chocolate;4;100,00
465;2024-01-28;Galleta de Almendra;6;72,00
468;2024-01-17;Tarta de Limón;8;1200,00
468;2024-01-17;Magdalena Clásica;8;80,00
468;2024-01-17;Brownie;8;240,00
468;2024-01-17;Tarta de Frutas;8;1440,00
468;2024-01-17;Palmera de Chocolate;5;125,00
468;2024-01-17;Bombón de Chocolate;6;48,00
468;2024-01-17;Pan de Chocolate;5;100,00
468;2024-01-17;Macaron de Pistacho;4;60,00
479;2024-01-22;Roll de Canela;9;225,00
479;2024-01-22;Cheesecake de Oreo;12;2640,00
479;2024-01-22;Tarta de Frutas;1;180,00
479;2024-01-22;Galleta de Chocolate;9;90,00
492;2024-01-21;Berlina de Crema;5;100,00
492;2024-01-21;Palmera de Chocolate;2;50,00
492;2024-01-21;Muffin de Chocolate;10;250,00
492;2024-01-21;Galleta de Almendra;12;144,00
492;2024-01-21;Tarta de Chocolate;6;960,00
492;2024-01-21;Macaron de Frambuesa;7;105,00
492;2024-01-21;Rosquilla de Anís;10;100,00
495;2024-01-24;Tarta de Manzana;12;1800,00
495;2024-01-24;Macaron de Frambuesa;8;120,00
495;2024-01-24;Croissant de Almendras;9;315,00
495;2024-01-24;Donut Glaseado;5;75,00
495;2024-01-24;Galleta de Almendra;10;120,00
495;2024-01-24;Palmera de Chocolate;9;225,00
495;2024-01-24;Macaron de Chocolate;11;165,00
495;2024-01-24;Palmera Natural;3;60,00
514;2024-01-18;Pan de Chocolate;7;140,00
514;2024-01-18;Roll de Canela;2;50,00
514;2024-01-18;Eclair de Vainilla;9;315,00
514;2024-01-18;Tarta de Café;9;1440,00
514;2024-01-18;Cheesecake Clásico;3;600,00
515;2024-01-19;Napolitana de Chocolate;6;150,00
515;2024-01-19;Eclair de Vainilla;7;245,00
515;2024-01-19;Macaron de Frambuesa;11;165,00
515;2024-01-19;Roll de Chocolate;10;250,00
515;2024-01-19;Croissant de Almendras;12;420,00
515;2024-01-19;Galleta de Almendra;3;36,00
515;2024-01-19;Macaron de Chocolate;8;120,00
515;2024-01-19;Eclair de Chocolate;12;420,00
517;2024-01-28;Profiterol;1;15,00
517;2024-01-28;Eclair de Vainilla;11;385,00
553;2024-01-27;Galleta de Chocolate;12;120,00
571;2024-01-14;Donut de Chocolate;2;30,00
571;2024-01-14;Palmera Natural;6;120,00
571;2024-01-14;Muffin de Chocolate;4;100,00
571;2024-01-14;Tarta de Limón;6;900,00
571;2024-01-14;Cheesecake de Fresa;3;660,00
595;2024-01-03;Magdalena Clásica;11;110,00
595;2024-01-03;Eclair de Chocolate;7;245,00
595;2024-01-03;Tarta de Frutas;1;180,00
597;2024-01-28;Galleta de Mantequilla;12;120,00
597;2024-01-28;Galleta de Coco;12;144,00
597;2024-01-28;Donut Glaseado;11;165,00
607;2024-01-04;Croissant de Almendras;8;280,00
607;2024-01-04;Croissant de Chocolate;5;150,00
633;2024-01-26;Tarta Red Velvet;6;1200,00
633;2024-01-26;Tarta de Frutas;11;1980,00
633;2024-01-26;Brownie;8;240,00
633;2024-01-26;Cheesecake Clásico;5;1000,00
633;2024-01-26;Galleta de Almendra;5;60,00
633;2024-01-26;Muffin de Plátano;12;300,00
633;2024-01-26;Croissant Clásico;11;275,00
633;2024-01-26;Bretzel Dulce;5;100,00
641;2024-01-18;Donut de Chocolate;5;75,00
641;2024-01-18;Cheesecake Clásico;1;200,00
641;2024-01-18;Macaron de Chocolate;7;105,00
641;2024-01-18;Rosquilla de Anís;2;20,00
641;2024-01-18;Eclair de Chocolate;9;315,00
650;2024-01-25;Cheesecake de Fresa;2;440,00
650;2024-01-25;Galleta de Avena;6;60,00
650;2024-01-25;Tiramisú Individual;12;540,00
650;2024-01-25;Roll de Canela;6;150,00
650;2024-01-25;Galleta de Jengibre;4;60,00
650;2024-01-25;Rosquilla de Anís;8;80,00
650;2024-01-25;Macaron de Pistacho;7;105,00
652;2024-01-08;Macaron de Pistacho;7;105,00
652;2024-01-08;Croissant Clásico;7;175,00
652;2024-01-08;Galleta de Mantequilla;8;80,00
652;2024-01-08;Eclair de Chocolate;2;70,00
652;2024-01-08;Napolitana de Crema;8;200,00
652;2024-01-08;Eclair de Vainilla;2;70,00
652;2024-01-08;Palmera de Chocolate;4;100,00
653;2024-01-11;Tarta de Chocolate;6;960,00
653;2024-01-11;Eclair de Chocolate;8;280,00
653;2024-01-11;Muffin de Arándanos;3;75,00
653;2024-01-11;Cheesecake Clásico;9;1800,00
653;2024-01-11;Bretzel Dulce;7;140,00
653;2024-01-11;Galleta de Mantequilla;6;60,00
672;2024-01-19;Pan de Leche;6;60,00
672;2024-01-19;Pan de Chocolate;1;20,00
672;2024-01-19;Galleta de Chocolate;8;80,00
672;2024-01-19;Magdalena Clásica;1;10,00
672;2024-01-19;Berlina de Chocolate;2;40,00
672;2024-01-19;Napolitana de Chocolate;2;50,00
673;2024-01-22;Roll de Canela;5;125,00
673;2024-01-22;Donut Relleno;6;120,00
673;2024-01-22;Cheesecake de Oreo;1;220,00
673;2024-01-22;Macaron de Frambuesa;1;15,00
677;2024-01-24;Roll de Canela;8;200,00
677;2024-01-24;Bretzel Dulce;6;120,00
677;2024-01-24;Tarta Red Velvet;2;400,00
677;2024-01-24;Eclair de Chocolate;2;70,00
680;2024-01-19;Pan de Chocolate;12;240,00
680;2024-01-19;Galleta de Jengibre;3;45,00
680;2024-01-19;Berlina de Crema;5;100,00
680;2024-01-19;Galleta de Coco;8;96,00
680;2024-01-19;Tarta de Manzana;9;1350,00
680;2024-01-19;Tarta de Café;4;640,00
680;2024-01-19;Macaron de Pistacho;1;15,00
680;2024-01-19;Tiramisú Individual;1;45,00
683;2024-01-05;Pan de Chocolate;4;80,00
683;2024-01-05;Donut Relleno;10;200,00
683;2024-01-05;Croissant de Chocolate;6;180,00
683;2024-01-05;Berlina de Chocolate;8;160,00
683;2024-01-05;Bombón de Chocolate;1;8,00
683;2024-01-05;Tarta de Chocolate;7;1120,00
683;2024-01-05;Palmera Natural;5;100,00
687;2024-01-04;Cheesecake de Oreo;3;660,00
687;2024-01-04;Napolitana de Chocolate;7;175,00
687;2024-01-04;Muffin de Arándanos;11;275,00
687;2024-01-04;Pan de Chocolate;2;40,00
687;2024-01-04;Roll de Canela;4;100,00
687;2024-01-04;Muffin de Plátano;1;25,00
687;2024-01-04;Profiterol;8;120,00
700;2024-01-08;Macaron de Frambuesa;12;180,00
700;2024-01-08;Profiterol;2;30,00
700;2024-01-08;Berlina de Crema;6;120,00
700;2024-01-08;Galleta de Almendra;3;36,00
700;2024-01-08;Roll de Chocolate;2;50,00
700;2024-01-08;Tarta de Café;9;1440,00
700;2024-01-08;Napolitana de Crema;12;300,00
700;2024-01-08;Donut Glaseado;1;15,00
712;2024-01-11;Croissant de Almendras;5;175,00
712;2024-01-11;Galleta de Almendra;11;132,00
712;2024-01-11;Pan de Chocolate;9;180,00
712;2024-01-11;Rosquilla de Anís;4;40,00
712;2024-01-11;Muffin de Chocolate;11;275,00
712;2024-01-11;Galleta de Jengibre;4;60,00
712;2024-01-11;Macaron de Chocolate;2;30,00
716;2024-01-16;Cheesecake de Oreo;1;220,00
716;2024-01-16;Galleta de Avena;9;90,00
716;2024-01-16;Donut Glaseado;5;75,00
719;2024-01-05;Tarta de Chocolate;5;800,00
719;2024-01-05;Eclair de Vainilla;5;175,00
719;2024-01-05;Tarta de Manzana;11;1650,00
719;2024-01-05;Macaron de Pistacho;5;75,00
719;2024-01-05;Palmera Natural;11;220,00
719;2024-01-05;Donut Glaseado;1;15,00
720;2024-01-03;Roll de Chocolate;4;100,00
720;2024-01-03;Macaron de Vainilla;12;180,00
720;2024-01-03;Profiterol;12;180,00
730;2024-01-02;Eclair de Chocolate;4;140,00
730;2024-01-02;Muffin de Arándanos;3;75,00
730;2024-01-02;Palmera Natural;1;20,00
730;2024-01-02;Macaron de Frambuesa;8;120,00
730;2024-01-02;Profiterol;4;60,00
730;2024-01-02;Palmera de Chocolate;4;100,00
730;2024-01-02;Croissant de Almendras;2;70,00
734;2024-01-18;Macaron de Vainilla;4;60,00
734;2024-01-18;Croissant de Almendras;2;70,00
734;2024-01-18;Bretzel Dulce;7;140,00
734;2024-01-18;Mini Tarta de Frutas;9;450,00
734;2024-01-18;Galleta de Chocolate;9;90,00
734;2024-01-18;Muffin de Plátano;3;75,00
734;2024-01-18;Eclair de Chocolate;3;105,00
734;2024-01-18;Galleta de Mantequilla;5;50,00
740;2024-01-12;Tarta de Chocolate;12;1920,00
740;2024-01-12;Tarta Red Velvet;8;1600,00
740;2024-01-12;Eclair de Chocolate;5;175,00
740;2024-01-12;Donut Relleno;1;20,00
740;2024-01-12;Macaron de Pistacho;5;75,00
748;2024-01-06;Galleta de Chocolate;3;30,00
748;2024-01-06;Muffin de Arándanos;2;50,00
748;2024-01-06;Berlina de Chocolate;11;220,00
748;2024-01-06;Donut Relleno;10;200,00
748;2024-01-06;Tarta de Manzana;7;1050,00
748;2024-01-06;Berlina de Crema;9;180,00
756;2024-01-25;Strudel de Manzana;8;280,00
763;2024-01-20;Muffin de Chocolate;3;75,00
763;2024-01-20;Muffin de Plátano;10;250,00
763;2024-01-20;Tarta de Manzana;2;300,00
796;2024-01-13;Roll de Chocolate;3;75,00
796;2024-01-13;Rosquilla de Anís;12;120,00
796;2024-01-13;Tarta de Manzana;10;1500,00
796;2024-01-13;Donut Glaseado;5;75,00
796;2024-01-13;Eclair de Chocolate;11;385,00
796;2024-01-13;Tarta Red Velvet;3;600,00
808;2024-01-28;Croissant Clásico;5;125,00
808;2024-01-28;Roll de Canela;12;300,00
808;2024-01-28;Cheesecake Clásico;6;1200,00
808;2024-01-28;Tarta de Manzana;5;750,00
808;2024-01-28;Macaron de Frambuesa;6;90,00
808;2024-01-28;Pan de Leche;8;80,00
808;2024-01-28;Macaron de Chocolate;2;30,00
809;2024-01-14;Macaron de Chocolate;12;180,00
809;2024-01-14;Tarta de Limón;3;450,00
809;2024-01-14;Napolitana de Crema;5;125,00
810;2024-01-25;Croissant Clásico;2;50,00
810;2024-01-25;Bretzel Dulce;1;20,00
810;2024-01-25;Macaron de Vainilla;2;30,00
810;2024-01-25;Berlina de Crema;6;120,00
810;2024-01-25;Donut Relleno;12;240,00
814;2024-01-20;Croissant de Chocolate;10;300,00
814;2024-01-20;Macaron de Chocolate;8;120,00
814;2024-01-20;Magdalena de Chocolate;11;132,00
814;2024-01-20;Tarta Red Velvet;12;2400,00
832;2024-01-16;Tiramisú Individual;10;450,00
832;2024-01-16;Profiterol;10;150,00
832;2024-01-16;Tarta Red Velvet;9;1800,00
832;2024-01-16;Eclair de Vainilla;9;315,00
832;2024-01-16;Roll de Chocolate;1;25,00
832;2024-01-16;Berlina de Chocolate;2;40,00
833;2024-01-18;Muffin de Plátano;10;250,00
833;2024-01-18;Donut de Chocolate;6;90,00
833;2024-01-18;Galleta de Chocolate;12;120,00
833;2024-01-18;Croissant de Chocolate;10;300,00
833;2024-01-18;Strudel de Manzana;11;385,00
833;2024-01-18;Berlina de Chocolate;12;240,00
833;2024-01-18;Galleta de Avena;11;110,00
861;2024-01-25;Croissant de Almendras;1;35,00
873;2024-01-17;Tarta de Limón;11;1650,00
873;2024-01-17;Mini Tarta de Frutas;5;250,00
873;2024-01-17;Palmera Natural;7;140,00
873;2024-01-17;Galleta de Mantequilla;7;70,00
877;2024-01-23;Cheesecake de Fresa;12;2640,00
877;2024-01-23;Croissant Clásico;7;175,00
877;2024-01-23;Tarta de Café;6;960,00
881;2024-01-05;Berlina de Crema;4;80,00
900;2024-01-05;Magdalena de Chocolate;7;84,00
900;2024-01-05;Napolitana de Crema;1;25,00
900;2024-01-05;Tiramisú Individual;10;450,00
900;2024-01-05;Berlina de Crema;2;40,00
900;2024-01-05;Donut de Chocolate;2;30,00
901;2024-01-23;Macaron de Vainilla;6;90,00
901;2024-01-23;Berlina de Chocolate;2;40,00
901;2024-01-23;Tiramisú Individual;12;540,00
901;2024-01-23;Tarta de Café;6;960,00
901;2024-01-23;Tarta de Manzana;2;300,00
904;2024-01-16;Napolitana de Chocolate;3;75,00
904;2024-01-16;Tarta Red Velvet;11;2200,00
904;2024-01-16;Brownie;6;180,00
921;2024-01-05;Galleta de Coco;7;84,00
921;2024-01-05;Profiterol;7;105,00
921;2024-01-05;Magdalena de Chocolate;12;144,00
939;2024-01-28;Macaron de Chocolate;5;75,00
939;2024-01-28;Berlina de Chocolate;3;60,00
939;2024-01-28;Cheesecake de Oreo;5;1100,00
939;2024-01-28;Pan de Chocolate;8;160,00
944;2024-01-14;Profiterol;1;15,00
944;2024-01-14;Tarta de Chocolate;6;960,00
944;2024-01-14;Cheesecake Clásico;4;800,00
944;2024-01-14;Croissant de Almendras;10;350,00
944;2024-01-14;Galleta de Mantequilla;3;30,00
944;2024-01-14;Galleta de Coco;3;36,00
944;2024-01-14;Galleta de Chocolate;3;30,00
944;2024-01-14;Galleta de Jengibre;4;60,00
950;2024-01-20;Napolitana de Chocolate;8;200,00
950;2024-01-20;Tarta de Manzana;12;1800,00
950;2024-01-20;Donut Relleno;7;140,00
950;2024-01-20;Pan de Leche;5;50,00
950;2024-01-20;Palmera Natural;12;240,00
957;2024-01-08;Tarta de Manzana;6;900,00
957;2024-01-08;Muffin de Arándanos;1;25,00
957;2024-01-08;Donut Relleno;3;60,00
957;2024-01-08;Magdalena Clásica;11;110,00
957;2024-01-08;Napolitana de Crema;2;50,00
957;2024-01-08;Pan de Leche;4;40,00
957;2024-01-08;Bretzel Dulce;12;240,00
957;2024-01-08;Galleta de Avena;8;80,00
971;2024-01-13;Magdalena Clásica;10;100,00
971;2024-01-13;Berlina de Chocolate;4;80,00
971;2024-01-13;Muffin de Plátano;5;125,00
971;2024-01-13;Donut Glaseado;8;120,00
971;2024-01-13;Galleta de Mantequilla;4;40,00
971;2024-01-13;Galleta de Avena;7;70,00
971;2024-01-13;Muffin de Chocolate;5;125,00
971;2024-01-13;Tarta de Frutas;6;1080,00
973;2024-01-01;Galleta de Almendra;6;72,00
973;2024-01-01;Magdalena Clásica;6;60,00
973;2024-01-01;Galleta de Coco;10;120,00
973;2024-01-01;Palmera de Chocolate;1;25,00
973;2024-01-01;Rosquilla de Anís;11;110,00
973;2024-01-01;Eclair de Chocolate;3;105,00
973;2024-01-01;Mini Tarta de Frutas;5;250,00
975;2024-01-17;Berlina de Chocolate;4;80,00
975;2024-01-17;Galleta de Mantequilla;4;40,00
975;2024-01-17;Macaron de Frambuesa;6;90,00
975;2024-01-17;Tarta de Frutas;10;1800,00
975;2024-01-17;Donut Glaseado;8;120,00
975;2024-01-17;Napolitana de Chocolate;3;75,00
979;2024-01-04;Berlina de Chocolate;6;120,00
979;2024-01-04;Cheesecake de Oreo;7;1540,00
981;2024-01-12;Strudel de Manzana;12;420,00
981;2024-01-12;Galleta de Almendra;1;12,00
1021;2024-01-02;Cheesecake de Fresa;3;660,00
1021;2024-01-02;Macaron de Vainilla;11;165,00
1021;2024-01-02;Galleta de Avena;10;100,00
1021;2024-01-02;Tarta de Limón;4;600,00
1021;2024-01-02;Donut de Chocolate;11;165,00
1032;2024-01-23;Tarta Red Velvet;6;1200,00
1032;2024-01-23;Muffin de Arándanos;2;50,00
1045;2024-01-13;Cheesecake Clásico;8;1600,00
1045;2024-01-13;Macaron de Frambuesa;11;165,00
1045;2024-01-13;Tarta de Manzana;4;600,00
1045;2024-01-13;Napolitana de Chocolate;3;75,00
1047;2024-01-12;Mini Tarta de Frutas;1;50,00
1047;2024-01-12;Berlina de Crema;8;160,00
1047;2024-01-12;Cheesecake de Fresa;7;1540,00
1047;2024-01-12;Galleta de Almendra;8;96,00
1047;2024-01-12;Eclair de Chocolate;2;70,00
1047;2024-01-12;Croissant Clásico;10;250,00
1047;2024-01-12;Galleta de Chocolate;3;30,00
1053;2024-01-06;Napolitana de Crema;10;250,00
1053;2024-01-06;Galleta de Jengibre;3;45,00
1053;2024-01-06;Cheesecake Clásico;5;1000,00
1053;2024-01-06;Roll de Canela;7;175,00
1053;2024-01-06;Bretzel Dulce;7;140,00
1053;2024-01-06;Croissant Clásico;3;75,00
1055;2024-01-27;Bretzel Dulce;1;20,00
1055;2024-01-27;Muffin de Chocolate;4;100,00
1059;2024-01-09;Tarta de Manzana;1;150,00
1059;2024-01-09;Galleta de Coco;2;24,00
1059;2024-01-09;Napolitana de Crema;1;25,00
1059;2024-01-09;Donut Relleno;6;120,00
1059;2024-01-09;Galleta de Almendra;2;24,00
1059;2024-01-09;Palmera de Chocolate;10;250,00
1059;2024-01-09;Eclair de Chocolate;6;210,00
1062;2024-01-11;Cheesecake Clásico;6;1200,00
1062;2024-01-11;Tarta de Limón;5;750,00
1062;2024-01-11;Muffin de Arándanos;12;300,00
1062;2024-01-11;Strudel de Manzana;6;210,00
1062;2024-01-11;Galleta de Avena;11;110,00
1076;2024-01-24;Palmera de Chocolate;10;250,00
1076;2024-01-24;Macaron de Vainilla;5;75,00
1076;2024-01-24;Tarta de Limón;11;1650,00
1076;2024-01-24;Magdalena de Chocolate;2;24,00
1076;2024-01-24;Galleta de Chocolate;12;120,00
1076;2024-01-24;Tarta de Café;4;640,00
1076;2024-01-24;Rosquilla de Anís;2;20,00
1076;2024-01-24;Mini Tarta de Frutas;8;400,00
1095;2024-01-01;Muffin de Arándanos;11;275,00
1095;2024-01-01;Profiterol;4;60,00
1095;2024-01-01;Rosquilla de Anís;1;10,00
1095;2024-01-01;Roll de Canela;8;200,00
1095;2024-01-01;Brownie;3;90,00
1131;2024-01-20;Napolitana de Crema;11;275,00
1131;2024-01-20;Tarta de Frutas;10;1800,00
1131;2024-01-20;Roll de Canela;5;125,00
1131;2024-01-20;Cheesecake Clásico;5;1000,00
1153;2024-01-02;Napolitana de Crema;5;125,00
1153;2024-01-02;Croissant Clásico;7;175,00
1153;2024-01-02;Donut Relleno;4;80,00
1153;2024-01-02;Magdalena Clásica;12;120,00
1153;2024-01-02;Pan de Chocolate;8;160,00
1153;2024-01-02;Cheesecake Clásico;9;1800,00
1157;2024-01-25;Cheesecake de Fresa;4;880,00
1157;2024-01-25;Tiramisú Individual;5;225,00
1157;2024-01-25;Brownie;8;240,00
1157;2024-01-25;Berlina de Chocolate;5;100,00
1157;2024-01-25;Muffin de Arándanos;2;50,00
1157;2024-01-25;Donut Glaseado;8;120,00
1157;2024-01-25;Tarta de Frutas;7;1260,00
1157;2024-01-25;Magdalena Clásica;12;120,00
1160;2024-01-18;Profiterol;9;135,00
1172;2024-01-11;Napolitana de Crema;10;250,00
1172;2024-01-11;Muffin de Arándanos;8;200,00
1172;2024-01-11;Tarta de Limón;9;1350,00
1178;2024-01-06;Donut de Chocolate;1;15,00
1181;2024-01-07;Tarta de Chocolate;10;1600,00
1240;2024-01-28;Tarta de Café;9;1440,00
1240;2024-01-28;Cheesecake de Fresa;3;660,00
1243;2024-01-10;Roll de Chocolate;7;175,00
1243;2024-01-10;Donut Relleno;4;80,00
1243;2024-01-10;Tarta de Limón;6;900,00
1249;2024-01-07;Tiramisú Individual;8;360,00
1249;2024-01-07;Muffin de Plátano;4;100,00
1249;2024-01-07;Galleta de Mantequilla;9;90,00
1249;2024-01-07;Bombón de Chocolate;8;64,00
1249;2024-01-07;Profiterol;9;135,00
1249;2024-01-07;Cheesecake de Fresa;1;220,00
1249;2024-01-07;Galleta de Avena;9;90,00
1271;2024-01-17;Croissant de Chocolate;6;180,00
1271;2024-01-17;Cheesecake Clásico;6;1200,00
1271;2024-01-17;Galleta de Avena;9;90,00
1271;2024-01-17;Galleta de Coco;6;72,00
1271;2024-01-17;Palmera de Chocolate;7;175,00
1271;2024-01-17;Galleta de Chocolate;3;30,00
1271;2024-01-17;Donut Glaseado;1;15,00
1318;2024-01-22;Bombón de Chocolate;9;72,00
1318;2024-01-22;Pan de Leche;10;100,00
1318;2024-01-22;Muffin de Chocolate;4;100,00
1332;2024-01-01;Galleta de Avena;6;60,00
1332;2024-01-01;Bretzel Dulce;12;240,00
1332;2024-01-01;Rosquilla de Anís;5;50,00
1332;2024-01-01;Macaron de Pistacho;12;180,00
1332;2024-01-01;Cheesecake Clásico;1;200,00
1337;2024-01-12;Macaron de Pistacho;10;150,00
1337;2024-01-12;Muffin de Chocolate;6;150,00
1337;2024-01-12;Tarta Red Velvet;8;1600,00
1337;2024-01-12;Macaron de Vainilla;3;45,00
1345;2024-01-11;Tarta de Manzana;3;450,00
1345;2024-01-11;Magdalena de Chocolate;5;60,00
1345;2024-01-11;Cheesecake de Fresa;5;1100,00
1345;2024-01-11;Muffin de Arándanos;10;250,00
1345;2024-01-11;Croissant de Almendras;4;140,00
1345;2024-01-11;Berlina de Chocolate;1;20,00
1345;2024-01-11;Macaron de Frambuesa;6;90,00
1345;2024-01-11;Berlina de Crema;2;40,00
1355;2024-01-20;Berlina de Chocolate;9;180,00
1355;2024-01-20;Macaron de Vainilla;7;105,00
1355;2024-01-20;Profiterol;6;90,00
1355;2024-01-20;Donut Relleno;9;180,00
1355;2024-01-20;Napolitana de Chocolate;11;275,00
1355;2024-01-20;Palmera de Chocolate;11;275,00
1355;2024-01-20;Pan de Leche;8;80,00
1362;2024-01-02;Tarta de Frutas;4;720,00
1362;2024-01-02;Mini Tarta de Frutas;1;50,00
1362;2024-01-02;Croissant de Almendras;10;350,00
1362;2024-01-02;Napolitana de Crema;8;200,00
1362;2024-01-02;Profiterol;7;105,00
1362;2024-01-02;Donut Glaseado;12;180,00
1362;2024-01-02;Roll de Canela;9;225,00
1362;2024-01-02;Galleta de Almendra;2;24,00
1370;2024-01-02;Rosquilla de Anís;8;80,00
1370;2024-01-02;Magdalena de Chocolate;1;12,00
1370;2024-01-02;Galleta de Almendra;6;72,00
1370;2024-01-02;Mini Tarta de Frutas;2;100,00
1370;2024-01-02;Galleta de Mantequilla;10;100,00
1370;2024-01-02;Croissant de Chocolate;3;90,00
1370;2024-01-02;Tarta de Frutas;8;1440,00
1376;2024-01-19;Galleta de Almendra;6;72,00
1379;2024-01-24;Macaron de Vainilla;11;165,00
1381;2024-01-24;Cheesecake Clásico;7;1400,00
1381;2024-01-24;Donut Glaseado;2;30,00
1381;2024-01-24;Galleta de Mantequilla;5;50,00
1381;2024-01-24;Galleta de Chocolate;6;60,00
1381;2024-01-24;Magdalena Clásica;1;10,00
1391;2024-01-24;Tarta de Café;3;480,00
1391;2024-01-24;Croissant de Almendras;10;350,00
1391;2024-01-24;Palmera Natural;6;120,00
1391;2024-01-24;Galleta de Almendra;9;108,00
1392;2024-01-06;Eclair de Chocolate;8;280,00
1392;2024-01-06;Strudel de Manzana;2;70,00
1392;2024-01-06;Muffin de Plátano;7;175,00
1392;2024-01-06;Tarta Red Velvet;5;1000,00
1392;2024-01-06;Berlina de Crema;9;180,00
1392;2024-01-06;Berlina de Chocolate;8;160,00
1392;2024-01-06;Muffin de Arándanos;7;175,00
1392;2024-01-06;Palmera de Chocolate;8;200,00
1397;2024-01-27;Magdalena de Chocolate;5;60,00
1397;2024-01-27;Tarta Red Velvet;10;2000,00
1415;2024-01-17;Croissant de Chocolate;5;150,00
1415;2024-01-17;Cheesecake de Oreo;1;220,00
1415;2024-01-17;Berlina de Crema;8;160,00
1415;2024-01-17;Eclair de Chocolate;7;245,00
1415;2024-01-17;Macaron de Chocolate;6;90,00
1415;2024-01-17;Croissant de Almendras;9;315,00
1415;2024-01-17;Roll de Canela;12;300,00
1415;2024-01-17;Macaron de Frambuesa;3;45,00
1442;2024-01-13;Donut de Chocolate;7;105,00
1442;2024-01-13;Magdalena de Chocolate;6;72,00
1442;2024-01-13;Tiramisú Individual;3;135,00
1442;2024-01-13;Cheesecake de Fresa;12;2640,00
1442;2024-01-13;Eclair de Vainilla;6;210,00
1455;2024-01-14;Bombón de Chocolate;5;40,00
1473;2024-01-02;Croissant Clásico;5;125,00
1473;2024-01-02;Tiramisú Individual;2;90,00
1473;2024-01-02;Croissant de Chocolate;3;90,00
1473;2024-01-02;Roll de Chocolate;5;125,00
1473;2024-01-02;Palmera Natural;12;240,00
1473;2024-01-02;Muffin de Plátano;3;75,00
1473;2024-01-02;Galleta de Chocolate;4;40,00
1483;2024-01-05;Galleta de Avena;8;80,00
1483;2024-01-05;Macaron de Chocolate;7;105,00
1506;2024-01-03;Cheesecake Clásico;9;1800,00
1506;2024-01-03;Eclair de Chocolate;4;140,00
1507;2024-01-12;Bombón de Chocolate;12;96,00
1507;2024-01-12;Macaron de Pistacho;11;165,00
1520;2024-01-14;Pan de Leche;2;20,00
1530;2024-01-04;Tarta de Limón;6;900,00
1530;2024-01-04;Cheesecake de Fresa;8;1760,00
1530;2024-01-04;Strudel de Manzana;5;175,00
1540;2024-01-06;Tarta de Chocolate;4;640,00
1540;2024-01-06;Galleta de Coco;2;24,00
1540;2024-01-06;Rosquilla de Anís;6;60,00
1560;2024-01-01;Napolitana de Crema;12;300,00
1560;2024-01-01;Bombón de Chocolate;7;56,00
1560;2024-01-01;Donut de Chocolate;5;75,00
1560;2024-01-01;Tarta de Frutas;11;1980,00
1560;2024-01-01;Tarta Red Velvet;10;2000,00
1560;2024-01-01;Tarta de Limón;5;750,00
1560;2024-01-01;Tarta de Café;9;1440,00
1567;2024-01-14;Palmera de Chocolate;9;225,00
1567;2024-01-14;Muffin de Arándanos;8;200,00
1567;2024-01-14;Galleta de Almendra;1;12,00
1567;2024-01-14;Muffin de Plátano;6;150,00
1568;2024-01-12;Tarta de Frutas;12;2160,00
1568;2024-01-12;Mini Tarta de Frutas;5;250,00
1568;2024-01-12;Roll de Canela;8;200,00
1568;2024-01-12;Pan de Leche;5;50,00
1568;2024-01-12;Tarta de Manzana;5;750,00
1568;2024-01-12;Magdalena de Chocolate;2;24,00
1568;2024-01-12;Cheesecake Clásico;10;2000,00
1568;2024-01-12;Galleta de Mantequilla;10;100,00
1576;2024-01-12;Donut Glaseado;6;90,00
1576;2024-01-12;Croissant de Chocolate;2;60,00
1580;2024-01-18;Tarta de Frutas;9;1620,00
1580;2024-01-18;Donut Relleno;9;180,00
1580;2024-01-18;Macaron de Chocolate;11;165,00
1580;2024-01-18;Pan de Chocolate;1;20,00
1580;2024-01-18;Bretzel Dulce;6;120,00
1580;2024-01-18;Muffin de Chocolate;4;100,00
1595;2024-01-22;Croissant de Chocolate;6;180,00
1595;2024-01-22;Galleta de Coco;5;60,00
1595;2024-01-22;Magdalena de Chocolate;8;96,00
1595;2024-01-22;Tarta de Café;12;1920,00
1595;2024-01-22;Pan de Chocolate;12;240,00
1595;2024-01-22;Galleta de Almendra;8;96,00
1612;2024-01-21;Tarta de Frutas;6;1080,00
1612;2024-01-21;Magdalena Clásica;1;10,00
1612;2024-01-21;Berlina de Chocolate;3;60,00
1612;2024-01-21;Magdalena de Chocolate;4;48,00
1612;2024-01-21;Pan de Leche;9;90,00
1612;2024-01-21;Tarta de Chocolate;6;960,00
1612;2024-01-21;Brownie;6;180,00
1618;2024-01-27;Macaron de Vainilla;8;120,00
1618;2024-01-27;Galleta de Chocolate;2;20,00
1618;2024-01-27;Donut Relleno;7;140,00
1618;2024-01-27;Tarta de Limón;11;1650,00
1618;2024-01-27;Tarta de Chocolate;10;1600,00
1618;2024-01-27;Cheesecake de Oreo;4;880,00
1631;2024-01-01;Macaron de Pistacho;10;150,00
1631;2024-01-01;Macaron de Vainilla;2;30,00
1631;2024-01-01;Brownie;4;120,00
1631;2024-01-01;Palmera de Chocolate;5;125,00
1631;2024-01-01;Bretzel Dulce;5;100,00
1631;2024-01-01;Galleta de Avena;4;40,00
1644;2024-01-18;Cheesecake de Fresa;6;1320,00
1644;2024-01-18;Mini Tarta de Frutas;6;300,00
1644;2024-01-18;Galleta de Jengibre;11;165,00
1644;2024-01-18;Cheesecake Clásico;1;200,00
1644;2024-01-18;Galleta de Chocolate;7;70,00
1661;2024-01-20;Berlina de Crema;6;120,00
1661;2024-01-20;Bombón de Chocolate;7;56,00
1661;2024-01-20;Roll de Chocolate;4;100,00
1661;2024-01-20;Tarta de Limón;12;1800,00
1670;2024-01-11;Tarta de Chocolate;1;160,00
1670;2024-01-11;Galleta de Avena;11;110,00
1670;2024-01-11;Galleta de Coco;4;48,00
1670;2024-01-11;Donut de Chocolate;7;105,00
1670;2024-01-11;Pan de Leche;4;40,00
1670;2024-01-11;Bombón de Chocolate;7;56,00
1670;2024-01-11;Croissant de Almendras;12;420,00
1670;2024-01-11;Napolitana de Crema;5;125,00
1701;2024-01-26;Brownie;6;180,00
1701;2024-01-26;Magdalena de Chocolate;12;144,00
1701;2024-01-26;Galleta de Jengibre;12;180,00
1701;2024-01-26;Magdalena Clásica;3;30,00
1702;2024-01-08;Croissant Clásico;1;25,00
1702;2024-01-08;Rosquilla de Anís;11;110,00
1707;2024-01-07;Tarta Red Velvet;1;200,00
1707;2024-01-07;Macaron de Pistacho;2;30,00
1718;2024-01-22;Bombón de Chocolate;11;88,00
1718;2024-01-22;Palmera de Chocolate;11;275,00
1752;2024-01-28;Pan de Chocolate;4;80,00
1752;2024-01-28;Bombón de Chocolate;1;8,00
1752;2024-01-28;Macaron de Chocolate;6;90,00
1752;2024-01-28;Donut Glaseado;2;30,00
1752;2024-01-28;Strudel de Manzana;7;245,00
1752;2024-01-28;Donut Relleno;4;80,00
1752;2024-01-28;Galleta de Almendra;4;48,00
1752;2024-01-28;Cheesecake de Fresa;7;1540,00
1756;2024-01-18;Macaron de Vainilla;4;60,00
1756;2024-01-18;Croissant Clásico;12;300,00
1756;2024-01-18;Bombón de Chocolate;11;88,00
1756;2024-01-18;Magdalena de Chocolate;1;12,00
1773;2024-01-25;Galleta de Coco;11;132,00
1773;2024-01-25;Tarta de Limón;7;1050,00
1773;2024-01-25;Galleta de Almendra;9;108,00
1773;2024-01-25;Muffin de Chocolate;12;300,00
1773;2024-01-25;Palmera de Chocolate;10;250,00
1773;2024-01-25;Macaron de Pistacho;2;30,00
1798;2024-01-05;Bombón de Chocolate;2;16,00
1798;2024-01-05;Napolitana de Chocolate;2;50,00
1798;2024-01-05;Cheesecake de Oreo;3;660,00
1798;2024-01-05;Muffin de Plátano;7;175,00
1801;2024-01-16;Magdalena de Chocolate;12;144,00
1801;2024-01-16;Roll de Canela;10;250,00
1817;2024-01-23;Croissant Clásico;5;125,00
1817;2024-01-23;Tarta de Manzana;3;450,00
1817;2024-01-23;Palmera de Chocolate;7;175,00
1817;2024-01-23;Tarta de Chocolate;3;480,00
1817;2024-01-23;Brownie;3;90,00
1817;2024-01-23;Galleta de Chocolate;12;120,00
1817;2024-01-23;Macaron de Chocolate;2;30,00
1820;2024-01-05;Macaron de Chocolate;9;135,00
1820;2024-01-05;Muffin de Plátano;6;150,00
1820;2024-01-05;Pan de Chocolate;9;180,00
1834;2024-01-14;Macaron de Chocolate;11;165,00
1834;2024-01-14;Muffin de Plátano;11;275,00
1834;2024-01-14;Muffin de Chocolate;12;300,00
1834;2024-01-14;Berlina de Chocolate;2;40,00
1834;2024-01-14;Roll de Chocolate;12;300,00
1835;2024-01-17;Tarta de Manzana;10;1500,00
1835;2024-01-17;Galleta de Chocolate;1;10,00
1837;2024-01-06;Palmera de Chocolate;7;175,00
1837;2024-01-06;Tarta de Frutas;7;1260,00
1837;2024-01-06;Croissant de Almendras;9;315,00
1837;2024-01-06;Galleta de Chocolate;6;60,00
1837;2024-01-06;Eclair de Chocolate;11;385,00
1837;2024-01-06;Macaron de Pistacho;4;60,00
1877;2024-01-23;Donut Relleno;2;40,00
1877;2024-01-23;Pan de Leche;3;30,00
1877;2024-01-23;Cheesecake Clásico;7;1400,00
1877;2024-01-23;Pan de Chocolate;1;20,00
1877;2024-01-23;Berlina de Crema;3;60,00
1877;2024-01-23;Brownie;12;360,00
1877;2024-01-23;Profiterol;2;30,00
1921;2024-01-04;Magdalena de Chocolate;11;132,00
1921;2024-01-04;Tiramisú Individual;12;540,00
1924;2024-01-24;Brownie;9;270,00
1924;2024-01-24;Tarta de Café;12;1920,00
1924;2024-01-24;Croissant de Chocolate;9;270,00
1924;2024-01-24;Roll de Chocolate;12;300,00
1924;2024-01-24;Pan de Leche;8;80,00
1924;2024-01-24;Macaron de Pistacho;2;30,00
1929;2024-01-13;Napolitana de Crema;5;125,00
1929;2024-01-13;Tarta de Limón;10;1500,00
1942;2024-01-24;Tarta de Frutas;3;540,00
1942;2024-01-24;Tarta de Chocolate;4;640,00
1942;2024-01-24;Tarta Red Velvet;7;1400,00
1942;2024-01-24;Mini Tarta de Frutas;7;350,00
1942;2024-01-24;Pan de Chocolate;8;160,00
1942;2024-01-24;Bretzel Dulce;10;200,00
1942;2024-01-24;Eclair de Chocolate;7;245,00
1951;2024-01-21;Galleta de Chocolate;6;60,00
1951;2024-01-21;Macaron de Pistacho;6;90,00
1951;2024-01-21;Bombón de Chocolate;1;8,00
1951;2024-01-21;Magdalena Clásica;4;40,00
1951;2024-01-21;Pan de Leche;8;80,00
1951;2024-01-21;Macaron de Vainilla;8;120,00
1988;2024-01-10;Tarta de Café;3;480,00
1988;2024-01-10;Roll de Canela;1;25,00
1988;2024-01-10;Magdalena Clásica;8;80,00
1988;2024-01-10;Tarta de Limón;10;1500,00
1991;2024-01-21;Tarta Red Velvet;10;2000,00
1991;2024-01-21;Galleta de Avena;10;100,00
1991;2024-01-21;Tarta de Chocolate;7;1120,00
1991;2024-01-21;Palmera Natural;10;200,00
1991;2024-01-21;Galleta de Chocolate;8;80,00
1994;2024-01-15;Galleta de Avena;12;120,00
1994;2024-01-15;Strudel de Manzana;5;175,00
1994;2024-01-15;Tarta de Manzana;7;1050,00
1994;2024-01-15;Napolitana de Crema;1;25,00
1994;2024-01-15;Macaron de Vainilla;11;165,00
1994;2024-01-15;Muffin de Arándanos;5;125,00
1994;2024-01-15;Roll de Canela;9;225,00
2003;2024-01-02;Pan de Chocolate;8;160,00
2003;2024-01-02;Pan de Leche;9;90,00
2003;2024-01-02;Galleta de Mantequilla;5;50,00
2003;2024-01-02;Strudel de Manzana;6;210,00
2019;2024-01-03;Strudel de Manzana;8;280,00
2019;2024-01-03;Magdalena Clásica;9;90,00
2019;2024-01-03;Macaron de Chocolate;1;15,00
2019;2024-01-03;Cheesecake de Fresa;5;1100,00
2022;2024-01-26;Galleta de Mantequilla;7;70,00
2025;2024-01-14;Magdalena Clásica;9;90,00
2025;2024-01-14;Galleta de Mantequilla;9;90,00
2025;2024-01-14;Galleta de Almendra;6;72,00
2025;2024-01-14;Muffin de Chocolate;1;25,00
2025;2024-01-14;Roll de Canela;4;100,00
2057;2024-01-25;Bombón de Chocolate;2;16,00
2057;2024-01-25;Tarta de Frutas;7;1260,00
2082;2024-01-24;Tarta de Chocolate;2;320,00
2082;2024-01-24;Eclair de Chocolate;5;175,00
2082;2024-01-24;Galleta de Mantequilla;11;110,00
2082;2024-01-24;Palmera de Chocolate;11;275,00
2082;2024-01-24;Rosquilla de Anís;1;10,00
2085;2024-01-25;Galleta de Jengibre;3;45,00
2085;2024-01-25;Macaron de Chocolate;12;180,00
2086;2024-01-27;Muffin de Arándanos;12;300,00
2086;2024-01-27;Bombón de Chocolate;11;88,00
2086;2024-01-27;Tarta de Limón;6;900,00
2086;2024-01-27;Croissant de Almendras;6;210,00
2086;2024-01-27;Rosquilla de Anís;5;50,00
2122;2024-01-09;Napolitana de Chocolate;10;250,00
2122;2024-01-09;Donut de Chocolate;3;45,00
2122;2024-01-09;Galleta de Coco;1;12,00
2122;2024-01-09;Croissant de Chocolate;3;90,00
2125;2024-01-19;Croissant de Chocolate;10;300,00
2128;2024-01-21;Muffin de Arándanos;7;175,00
2128;2024-01-21;Macaron de Chocolate;9;135,00
2128;2024-01-21;Galleta de Jengibre;9;135,00
2128;2024-01-21;Eclair de Chocolate;12;420,00
2145;2024-01-19;Muffin de Chocolate;1;25,00
2145;2024-01-19;Donut de Chocolate;6;90,00
2155;2024-01-14;Pan de Leche;5;50,00
2155;2024-01-14;Rosquilla de Anís;9;90,00
2155;2024-01-14;Croissant de Almendras;7;245,00
2155;2024-01-14;Roll de Canela;8;200,00
2155;2024-01-14;Palmera Natural;3;60,00
2155;2024-01-14;Roll de Chocolate;6;150,00
2155;2024-01-14;Tarta de Manzana;6;900,00
2155;2024-01-14;Croissant de Chocolate;4;120,00
2176;2024-01-01;Napolitana de Chocolate;11;275,00
2176;2024-01-01;Magdalena Clásica;2;20,00
2177;2024-01-14;Cheesecake Clásico;2;400,00
2197;2024-01-05;Tarta Red Velvet;4;800,00
2197;2024-01-05;Macaron de Vainilla;12;180,00
2197;2024-01-05;Macaron de Chocolate;1;15,00
2197;2024-01-05;Galleta de Almendra;4;48,00
2197;2024-01-05;Napolitana de Crema;1;25,00
2197;2024-01-05;Galleta de Coco;8;96,00
2197;2024-01-05;Magdalena Clásica;2;20,00
2200;2024-01-15;Tarta de Manzana;5;750,00
2200;2024-01-15;Croissant de Chocolate;7;210,00
2200;2024-01-15;Galleta de Avena;7;70,00
2200;2024-01-15;Tarta de Chocolate;9;1440,00
2202;2024-01-04;Tarta de Limón;11;1650,00
2202;2024-01-04;Macaron de Vainilla;1;15,00
2220;2024-01-04;Galleta de Chocolate;5;50,00
2220;2024-01-04;Croissant de Almendras;10;350,00
2222;2024-01-19;Tarta de Café;8;1280,00
2223;2024-01-26;Galleta de Jengibre;4;60,00
2230;2024-01-02;Strudel de Manzana;8;280,00
2231;2024-01-21;Napolitana de Crema;1;25,00
2231;2024-01-21;Macaron de Pistacho;5;75,00
2231;2024-01-21;Bretzel Dulce;12;240,00
2231;2024-01-21;Macaron de Frambuesa;10;150,00
2231;2024-01-21;Donut de Chocolate;7;105,00
2231;2024-01-21;Bombón de Chocolate;4;32,00
2231;2024-01-21;Galleta de Avena;11;110,00
2231;2024-01-21;Napolitana de Chocolate;7;175,00
2268;2024-01-25;Magdalena de Chocolate;8;96,00
2268;2024-01-25;Galleta de Almendra;10;120,00
2268;2024-01-25;Eclair de Vainilla;6;210,00
2268;2024-01-25;Macaron de Pistacho;4;60,00
2285;2024-01-20;Tiramisú Individual;8;360,00
2285;2024-01-20;Napolitana de Chocolate;10;250,00
2286;2024-01-05;Napolitana de Chocolate;5;125,00
2286;2024-01-05;Tiramisú Individual;6;270,00
2286;2024-01-05;Pan de Leche;2;20,00
2286;2024-01-05;Pan de Chocolate;1;20,00
2286;2024-01-05;Tarta de Chocolate;8;1280,00
2286;2024-01-05;Tarta de Frutas;12;2160,00
2286;2024-01-05;Magdalena Clásica;3;30,00
2292;2024-01-15;Berlina de Crema;12;240,00
2292;2024-01-15;Galleta de Mantequilla;8;80,00
2292;2024-01-15;Magdalena de Chocolate;6;72,00
2292;2024-01-15;Cheesecake de Fresa;2;440,00
2292;2024-01-15;Roll de Chocolate;9;225,00
2292;2024-01-15;Macaron de Pistacho;8;120,00
2292;2024-01-15;Croissant de Chocolate;6;180,00
2292;2024-01-15;Bombón de Chocolate;8;64,00
2300;2024-01-18;Tarta de Café;6;960,00
2300;2024-01-18;Napolitana de Chocolate;10;250,00
2300;2024-01-18;Galleta de Almendra;11;132,00
2300;2024-01-18;Bombón de Chocolate;7;56,00
2300;2024-01-18;Pan de Chocolate;12;240,00
2300;2024-01-18;Brownie;11;330,00
2300;2024-01-18;Palmera Natural;2;40,00
2300;2024-01-18;Galleta de Avena;12;120,00
2305;2024-01-05;Napolitana de Crema;10;250,00
2306;2024-01-22;Strudel de Manzana;6;210,00
2306;2024-01-22;Tarta de Manzana;9;1350,00
2306;2024-01-22;Palmera de Chocolate;1;25,00
2306;2024-01-22;Magdalena Clásica;3;30,00
2306;2024-01-22;Tarta de Café;12;1920,00
2306;2024-01-22;Galleta de Almendra;2;24,00
2306;2024-01-22;Roll de Chocolate;4;100,00
2306;2024-01-22;Magdalena de Chocolate;8;96,00
2333;2024-01-18;Macaron de Vainilla;12;180,00
2333;2024-01-18;Donut Relleno;3;60,00
2342;2024-01-11;Pan de Leche;7;70,00
2342;2024-01-11;Brownie;7;210,00
2342;2024-01-11;Napolitana de Chocolate;7;175,00
2342;2024-01-11;Macaron de Frambuesa;7;105,00
2342;2024-01-11;Tarta de Café;10;1600,00
2342;2024-01-11;Strudel de Manzana;5;175,00
2342;2024-01-11;Magdalena de Chocolate;7;84,00
2342;2024-01-11;Cheesecake Clásico;7;1400,00
2357;2024-01-15;Macaron de Chocolate;5;75,00
2357;2024-01-15;Galleta de Avena;12;120,00
2357;2024-01-15;Eclair de Chocolate;3;105,00
2357;2024-01-15;Roll de Chocolate;6;150,00
2357;2024-01-15;Profiterol;9;135,00
2357;2024-01-15;Macaron de Pistacho;1;15,00
2364;2024-01-24;Macaron de Vainilla;11;165,00
2364;2024-01-24;Tarta de Limón;10;1500,00
2364;2024-01-24;Donut Glaseado;4;60,00
2364;2024-01-24;Croissant de Chocolate;6;180,00
2364;2024-01-24;Cheesecake de Oreo;8;1760,00
2364;2024-01-24;Brownie;5;150,00
2402;2024-01-04;Muffin de Chocolate;11;275,00
2402;2024-01-04;Palmera de Chocolate;9;225,00
2434;2024-01-25;Pan de Chocolate;1;20,00
2434;2024-01-25;Croissant de Almendras;8;280,00
2434;2024-01-25;Bombón de Chocolate;10;80,00
2434;2024-01-25;Profiterol;3;45,00
2440;2024-01-10;Tarta Red Velvet;7;1400,00
2440;2024-01-10;Profiterol;11;165,00
2440;2024-01-10;Galleta de Avena;10;100,00
2440;2024-01-10;Muffin de Arándanos;7;175,00
2440;2024-01-10;Tarta de Café;12;1920,00
2440;2024-01-10;Berlina de Chocolate;9;180,00
2440;2024-01-10;Roll de Canela;6;150,00
2440;2024-01-10;Macaron de Chocolate;1;15,00
2455;2024-01-04;Galleta de Jengibre;3;45,00
2455;2024-01-04;Muffin de Chocolate;8;200,00
2455;2024-01-04;Galleta de Avena;2;20,00
2455;2024-01-04;Donut Glaseado;12;180,00
2455;2024-01-04;Eclair de Chocolate;6;210,00
2475;2024-01-19;Macaron de Chocolate;7;105,00
2475;2024-01-19;Pan de Chocolate;1;20,00
2475;2024-01-19;Berlina de Crema;8;160,00
2475;2024-01-19;Eclair de Chocolate;11;385,00
2511;2024-01-25;Roll de Chocolate;10;250,00
2528;2024-01-08;Magdalena Clásica;2;20,00
2538;2024-01-26;Berlina de Crema;11;220,00
2538;2024-01-26;Roll de Canela;12;300,00
2538;2024-01-26;Berlina de Chocolate;11;220,00
2538;2024-01-26;Tiramisú Individual;2;90,00
2538;2024-01-26;Profiterol;11;165,00
2546;2024-01-19;Muffin de Plátano;4;100,00
2546;2024-01-19;Roll de Chocolate;11;275,00
2546;2024-01-19;Strudel de Manzana;7;245,00
2546;2024-01-19;Muffin de Arándanos;10;250,00
2546;2024-01-19;Berlina de Chocolate;5;100,00
2550;2024-01-18;Croissant Clásico;1;25,00
2550;2024-01-18;Magdalena de Chocolate;10;120,00
2550;2024-01-18;Galleta de Coco;6;72,00
2560;2024-01-28;Roll de Canela;7;175,00
2561;2024-01-25;Muffin de Arándanos;12;300,00
2561;2024-01-25;Cheesecake Clásico;8;1600,00
2571;2024-01-23;Cheesecake de Fresa;3;660,00
2571;2024-01-23;Tarta de Limón;12;1800,00
2571;2024-01-23;Tiramisú Individual;6;270,00
2571;2024-01-23;Magdalena de Chocolate;10;120,00
2571;2024-01-23;Galleta de Avena;12;120,00
2571;2024-01-23;Mini Tarta de Frutas;3;150,00
2571;2024-01-23;Napolitana de Crema;3;75,00
2581;2024-01-14;Galleta de Almendra;4;48,00
2581;2024-01-14;Croissant de Almendras;6;210,00
2607;2024-01-03;Bombón de Chocolate;5;40,00
2607;2024-01-03;Croissant Clásico;12;300,00
2607;2024-01-03;Muffin de Arándanos;5;125,00
2623;2024-01-06;Berlina de Crema;3;60,00
2623;2024-01-06;Pan de Chocolate;11;220,00
2623;2024-01-06;Tarta Red Velvet;6;1200,00
2625;2024-01-25;Galleta de Chocolate;9;90,00
2628;2024-01-04;Galleta de Coco;6;72,00
2639;2024-01-27;Magdalena Clásica;11;110,00
2639;2024-01-27;Galleta de Mantequilla;3;30,00
2672;2024-01-04;Eclair de Chocolate;3;105,00
2672;2024-01-04;Galleta de Coco;7;84,00
2672;2024-01-04;Bretzel Dulce;3;60,00
2672;2024-01-04;Eclair de Vainilla;3;105,00
2672;2024-01-04;Galleta de Mantequilla;11;110,00
2672;2024-01-04;Pan de Chocolate;3;60,00
2685;2024-01-23;Pan de Chocolate;3;60,00
2685;2024-01-23;Muffin de Arándanos;12;300,00
2685;2024-01-23;Galleta de Chocolate;10;100,00
2685;2024-01-23;Eclair de Vainilla;5;175,00
2685;2024-01-23;Cheesecake Clásico;12;2400,00
2685;2024-01-23;Galleta de Jengibre;12;180,00
2685;2024-01-23;Rosquilla de Anís;8;80,00
2685;2024-01-23;Roll de Canela;10;250,00
2692;2024-01-16;Tarta de Manzana;5;750,00
2692;2024-01-16;Palmera de Chocolate;3;75,00
2692;2024-01-16;Magdalena de Chocolate;8;96,00
2692;2024-01-16;Napolitana de Chocolate;8;200,00
2692;2024-01-16;Profiterol;9;135,00
2692;2024-01-16;Strudel de Manzana;6;210,00
2692;2024-01-16;Galleta de Jengibre;6;90,00
2698;2024-01-24;Roll de Canela;3;75,00
2734;2024-01-28;Strudel de Manzana;3;105,00
2743;2024-01-25;Tiramisú Individual;8;360,00
2743;2024-01-25;Eclair de Chocolate;2;70,00
2743;2024-01-25;Tarta de Frutas;3;540,00
2743;2024-01-25;Macaron de Frambuesa;7;105,00
2743;2024-01-25;Palmera Natural;5;100,00
2743;2024-01-25;Galleta de Almendra;6;72,00
2743;2024-01-25;Pan de Chocolate;4;80,00
2743;2024-01-25;Eclair de Vainilla;11;385,00
2752;2024-01-04;Eclair de Vainilla;10;350,00
2752;2024-01-04;Roll de Chocolate;5;125,00
2752;2024-01-04;Galleta de Almendra;11;132,00
2758;2024-01-17;Magdalena de Chocolate;10;120,00
2758;2024-01-17;Roll de Canela;7;175,00
2769;2024-01-20;Palmera de Chocolate;3;75,00
2769;2024-01-20;Donut Glaseado;11;165,00
2769;2024-01-20;Tarta de Manzana;1;150,00
2778;2024-01-24;Croissant de Almendras;7;245,00
2778;2024-01-24;Magdalena Clásica;4;40,00
2778;2024-01-24;Berlina de Crema;5;100,00
2778;2024-01-24;Tarta de Manzana;7;1050,00
2778;2024-01-24;Donut Glaseado;3;45,00
2778;2024-01-24;Galleta de Avena;5;50,00
2780;2024-01-12;Palmera de Chocolate;11;275,00
2780;2024-01-12;Brownie;4;120,00
2780;2024-01-12;Eclair de Vainilla;6;210,00
2785;2024-01-11;Macaron de Frambuesa;12;180,00
2785;2024-01-11;Napolitana de Crema;11;275,00
2801;2024-01-06;Bombón de Chocolate;7;56,00
2801;2024-01-06;Pan de Chocolate;10;200,00
2801;2024-01-06;Donut de Chocolate;5;75,00
2824;2024-01-16;Donut Glaseado;7;105,00
2824;2024-01-16;Macaron de Frambuesa;10;150,00
2824;2024-01-16;Tarta de Café;3;480,00
2824;2024-01-16;Macaron de Vainilla;7;105,00
2824;2024-01-16;Strudel de Manzana;5;175,00
2824;2024-01-16;Galleta de Coco;1;12,00
2824;2024-01-16;Tarta Red Velvet;7;1400,00
2824;2024-01-16;Cheesecake Clásico;7;1400,00
2843;2024-01-07;Macaron de Chocolate;9;135,00
2843;2024-01-07;Palmera de Chocolate;1;25,00
2843;2024-01-07;Macaron de Pistacho;12;180,00
2843;2024-01-07;Cheesecake de Fresa;12;2640,00
2843;2024-01-07;Croissant Clásico;9;225,00
2843;2024-01-07;Galleta de Coco;3;36,00
2843;2024-01-07;Napolitana de Crema;11;275,00
2860;2024-01-25;Berlina de Chocolate;6;120,00
2860;2024-01-25;Macaron de Frambuesa;12;180,00
2860;2024-01-25;Cheesecake de Fresa;1;220,00
2860;2024-01-25;Macaron de Chocolate;4;60,00
2860;2024-01-25;Strudel de Manzana;5;175,00
2860;2024-01-25;Tarta Red Velvet;11;2200,00
2860;2024-01-25;Eclair de Vainilla;3;105,00
2860;2024-01-25;Profiterol;12;180,00
2877;2024-01-23;Donut de Chocolate;7;105,00
2877;2024-01-23;Macaron de Frambuesa;4;60,00
2877;2024-01-23;Magdalena de Chocolate;12;144,00
2877;2024-01-23;Palmera de Chocolate;1;25,00
2877;2024-01-23;Tarta de Frutas;8;1440,00
2879;2024-01-15;Macaron de Vainilla;10;150,00
2879;2024-01-15;Donut Relleno;3;60,00
2879;2024-01-15;Eclair de Vainilla;5;175,00
2879;2024-01-15;Tarta Red Velvet;6;1200,00
2879;2024-01-15;Galleta de Almendra;1;12,00
2879;2024-01-15;Galleta de Avena;10;100,00
2879;2024-01-15;Eclair de Chocolate;12;420,00
2879;2024-01-15;Berlina de Chocolate;12;240,00
2909;2024-01-28;Roll de Chocolate;1;25,00
2909;2024-01-28;Bombón de Chocolate;1;8,00
2909;2024-01-28;Donut de Chocolate;2;30,00
2921;2024-01-09;Galleta de Mantequilla;7;70,00
2921;2024-01-09;Roll de Canela;9;225,00
2924;2024-01-27;Berlina de Crema;9;180,00
2924;2024-01-27;Eclair de Vainilla;5;175,00
2942;2024-01-16;Croissant de Almendras;10;350,00
2942;2024-01-16;Cheesecake Clásico;5;1000,00
2942;2024-01-16;Rosquilla de Anís;9;90,00
2946;2024-01-03;Galleta de Almendra;5;60,00
2946;2024-01-03;Donut Glaseado;1;15,00
2946;2024-01-03;Eclair de Vainilla;9;315,00
2946;2024-01-03;Donut de Chocolate;7;105,00
2946;2024-01-03;Tarta de Café;10;1600,00
2946;2024-01-03;Tarta de Chocolate;11;1760,00
2956;2024-01-17;Pan de Chocolate;11;220,00
2956;2024-01-17;Macaron de Frambuesa;10;150,00
2956;2024-01-17;Galleta de Chocolate;3;30,00
2956;2024-01-17;Rosquilla de Anís;8;80,00
2977;2024-01-17;Macaron de Frambuesa;6;90,00
2977;2024-01-17;Galleta de Mantequilla;8;80,00
2977;2024-01-17;Magdalena de Chocolate;6;72,00
2978;2024-01-25;Napolitana de Chocolate;10;250,00
2978;2024-01-25;Galleta de Mantequilla;1;10,00
2978;2024-01-25;Macaron de Chocolate;6;90,00
2997;2024-01-22;Eclair de Chocolate;11;385,00
2998;2024-01-07;Muffin de Chocolate;2;50,00
2998;2024-01-07;Brownie;7;210,00
2998;2024-01-07;Eclair de Vainilla;7;245,00
2998;2024-01-07;Macaron de Frambuesa;5;75,00
3011;2024-01-16;Tarta de Café;2;320,00
3011;2024-01-16;Muffin de Chocolate;9;225,00
3011;2024-01-16;Macaron de Pistacho;1;15,00
3011;2024-01-16;Croissant de Almendras;2;70,00
3011;2024-01-16;Muffin de Plátano;10;250,00
3020;2024-01-21;Pan de Chocolate;4;80,00
3020;2024-01-21;Tarta de Manzana;10;1500,00
3020;2024-01-21;Galleta de Avena;7;70,00
3037;2024-01-22;Berlina de Crema;6;120,00
3037;2024-01-22;Tarta de Manzana;7;1050,00
3037;2024-01-22;Roll de Chocolate;3;75,00
3037;2024-01-22;Napolitana de Chocolate;2;50,00
3037;2024-01-22;Tarta Red Velvet;4;800,00
3037;2024-01-22;Muffin de Plátano;11;275,00
3041;2024-01-03;Pan de Leche;11;110,00
3041;2024-01-03;Tarta Red Velvet;1;200,00
3041;2024-01-03;Donut Relleno;3;60,00
3041;2024-01-03;Mini Tarta de Frutas;11;550,00
3046;2024-01-11;Napolitana de Crema;2;50,00
3051;2024-01-09;Donut Glaseado;12;180,00
3054;2024-01-06;Tarta de Frutas;5;900,00
3054;2024-01-06;Palmera Natural;9;180,00
3054;2024-01-06;Roll de Canela;6;150,00
3054;2024-01-06;Muffin de Arándanos;6;150,00
3054;2024-01-06;Galleta de Mantequilla;4;40,00
3054;2024-01-06;Croissant de Almendras;1;35,00
3054;2024-01-06;Galleta de Chocolate;9;90,00
3056;2024-01-09;Berlina de Chocolate;1;20,00
3112;2024-01-03;Magdalena Clásica;5;50,00
3112;2024-01-03;Donut de Chocolate;3;45,00
3112;2024-01-03;Eclair de Chocolate;3;105,00
3112;2024-01-03;Muffin de Chocolate;2;50,00
3112;2024-01-03;Tarta de Café;1;160,00
3112;2024-01-03;Macaron de Frambuesa;8;120,00
3112;2024-01-03;Berlina de Crema;9;180,00
3116;2024-01-19;Muffin de Plátano;2;50,00
3116;2024-01-19;Donut Glaseado;8;120,00
3116;2024-01-19;Croissant de Almendras;2;70,00
3116;2024-01-19;Tarta de Chocolate;6;960,00
3116;2024-01-19;Galleta de Chocolate;3;30,00
3118;2024-01-05;Muffin de Plátano;2;50,00
3118;2024-01-05;Berlina de Chocolate;6;120,00
3118;2024-01-05;Muffin de Chocolate;3;75,00
3118;2024-01-05;Brownie;10;300,00
3134;2024-01-06;Croissant de Almendras;3;105,00
3134;2024-01-06;Tarta de Limón;1;150,00
3134;2024-01-06;Magdalena de Chocolate;12;144,00
3134;2024-01-06;Galleta de Mantequilla;7;70,00
3134;2024-01-06;Donut Glaseado;10;150,00
3134;2024-01-06;Pan de Chocolate;8;160,00
3134;2024-01-06;Muffin de Plátano;12;300,00
3134;2024-01-06;Cheesecake de Fresa;2;440,00
3144;2024-01-17;Tiramisú Individual;6;270,00
3144;2024-01-17;Bretzel Dulce;11;220,00
3144;2024-01-17;Eclair de Vainilla;12;420,00
3144;2024-01-17;Palmera Natural;3;60,00
3144;2024-01-17;Rosquilla de Anís;5;50,00
3144;2024-01-17;Brownie;11;330,00
3145;2024-01-17;Muffin de Plátano;4;100,00
3145;2024-01-17;Strudel de Manzana;7;245,00
3145;2024-01-17;Bombón de Chocolate;1;8,00
3145;2024-01-17;Croissant de Chocolate;12;360,00
3145;2024-01-17;Tarta de Limón;1;150,00
3145;2024-01-17;Macaron de Chocolate;7;105,00
3145;2024-01-17;Galleta de Jengibre;4;60,00
3153;2024-01-18;Croissant de Chocolate;10;300,00
3154;2024-01-16;Donut de Chocolate;2;30,00
3154;2024-01-16;Bretzel Dulce;11;220,00
3154;2024-01-16;Macaron de Frambuesa;8;120,00
3156;2024-01-09;Macaron de Frambuesa;10;150,00
3156;2024-01-09;Roll de Chocolate;8;200,00
3156;2024-01-09;Tarta de Café;8;1280,00
3156;2024-01-09;Galleta de Jengibre;7;105,00
3156;2024-01-09;Berlina de Crema;10;200,00
3156;2024-01-09;Galleta de Avena;12;120,00
3156;2024-01-09;Palmera Natural;10;200,00
3178;2024-01-13;Pan de Leche;11;110,00
3178;2024-01-13;Macaron de Chocolate;10;150,00
3178;2024-01-13;Magdalena Clásica;7;70,00
3178;2024-01-13;Strudel de Manzana;10;350,00
3191;2024-01-18;Cheesecake de Oreo;4;880,00
3234;2024-01-07;Galleta de Avena;5;50,00
3234;2024-01-07;Brownie;12;360,00
3234;2024-01-07;Eclair de Vainilla;3;105,00
3234;2024-01-07;Tarta Red Velvet;4;800,00
3234;2024-01-07;Croissant de Almendras;1;35,00
3248;2024-01-19;Brownie;2;60,00
3248;2024-01-19;Cheesecake Clásico;8;1600,00
3260;2024-01-07;Napolitana de Crema;9;225,00
3260;2024-01-07;Magdalena de Chocolate;4;48,00
3260;2024-01-07;Donut Glaseado;7;105,00
3260;2024-01-07;Donut Relleno;9;180,00
3299;2024-01-07;Bretzel Dulce;2;40,00
3299;2024-01-07;Galleta de Chocolate;6;60,00
3299;2024-01-07;Pan de Chocolate;2;40,00
3299;2024-01-07;Tarta de Chocolate;12;1920,00
3311;2024-01-01;Eclair de Chocolate;1;35,00
3311;2024-01-01;Macaron de Vainilla;8;120,00
3311;2024-01-01;Galleta de Chocolate;6;60,00
3311;2024-01-01;Tarta de Frutas;3;540,00
3311;2024-01-01;Napolitana de Crema;12;300,00
3311;2024-01-01;Galleta de Avena;10;100,00
3311;2024-01-01;Brownie;8;240,00
3311;2024-01-01;Bretzel Dulce;11;220,00
3315;2024-01-19;Galleta de Chocolate;8;80,00
3315;2024-01-19;Strudel de Manzana;8;280,00
3315;2024-01-19;Roll de Chocolate;4;100,00
3315;2024-01-19;Macaron de Pistacho;5;75,00
3315;2024-01-19;Tarta de Manzana;1;150,00
3315;2024-01-19;Macaron de Frambuesa;7;105,00
3334;2024-01-22;Eclair de Chocolate;7;245,00
3334;2024-01-22;Cheesecake de Fresa;6;1320,00
3334;2024-01-22;Strudel de Manzana;4;140,00
3334;2024-01-22;Croissant Clásico;12;300,00
3334;2024-01-22;Napolitana de Crema;3;75,00
3334;2024-01-22;Profiterol;2;30,00
3334;2024-01-22;Eclair de Vainilla;5;175,00
3334;2024-01-22;Tarta de Café;9;1440,00
3352;2024-01-15;Macaron de Pistacho;4;60,00
3352;2024-01-15;Galleta de Chocolate;11;110,00
3352;2024-01-15;Napolitana de Crema;5;125,00
3352;2024-01-15;Cheesecake de Oreo;9;1980,00
3352;2024-01-15;Cheesecake Clásico;3;600,00
3352;2024-01-15;Galleta de Jengibre;9;135,00
3352;2024-01-15;Bombón de Chocolate;10;80,00
3359;2024-01-25;Berlina de Chocolate;5;100,00
3359;2024-01-25;Macaron de Vainilla;9;135,00
3359;2024-01-25;Magdalena de Chocolate;12;144,00
3361;2024-01-16;Tiramisú Individual;10;450,00
3361;2024-01-16;Tarta de Frutas;12;2160,00
3361;2024-01-16;Roll de Canela;4;100,00
3361;2024-01-16;Pan de Chocolate;10;200,00
3361;2024-01-16;Macaron de Pistacho;2;30,00
3361;2024-01-16;Palmera de Chocolate;3;75,00
3361;2024-01-16;Donut Relleno;9;180,00
3361;2024-01-16;Cheesecake de Oreo;12;2640,00
3362;2024-01-02;Cheesecake de Fresa;9;1980,00
3362;2024-01-02;Eclair de Vainilla;4;140,00
3362;2024-01-02;Roll de Chocolate;5;125,00
3362;2024-01-02;Bretzel Dulce;5;100,00
3362;2024-01-02;Palmera de Chocolate;10;250,00
3362;2024-01-02;Croissant de Almendras;9;315,00
3375;2024-01-07;Muffin de Plátano;11;275,00
3375;2024-01-07;Magdalena Clásica;12;120,00
3375;2024-01-07;Donut Glaseado;7;105,00
3386;2024-01-11;Galleta de Avena;2;20,00
3386;2024-01-11;Croissant de Almendras;2;70,00
3386;2024-01-11;Muffin de Plátano;7;175,00
3393;2024-01-09;Berlina de Chocolate;2;40,00
3393;2024-01-09;Cheesecake de Fresa;4;880,00
3393;2024-01-09;Donut Relleno;7;140,00
3393;2024-01-09;Tarta de Manzana;5;750,00
3393;2024-01-09;Muffin de Arándanos;2;50,00
3394;2024-01-13;Muffin de Chocolate;5;125,00
3395;2024-01-09;Macaron de Vainilla;5;75,00
3395;2024-01-09;Galleta de Avena;11;110,00
3395;2024-01-09;Muffin de Chocolate;3;75,00
3395;2024-01-09;Galleta de Mantequilla;5;50,00
3395;2024-01-09;Berlina de Crema;11;220,00
3395;2024-01-09;Macaron de Frambuesa;6;90,00
3395;2024-01-09;Croissant Clásico;8;200,00
3402;2024-01-22;Muffin de Chocolate;5;125,00
3402;2024-01-22;Magdalena Clásica;3;30,00
3408;2024-01-17;Eclair de Chocolate;5;175,00
3408;2024-01-17;Profiterol;5;75,00
3408;2024-01-17;Tarta de Chocolate;11;1760,00
3408;2024-01-17;Donut de Chocolate;7;105,00
3408;2024-01-17;Brownie;1;30,00
3408;2024-01-17;Galleta de Coco;3;36,00
3408;2024-01-17;Roll de Canela;6;150,00
3412;2024-01-11;Tarta de Manzana;11;1650,00
3412;2024-01-11;Galleta de Coco;11;132,00
3412;2024-01-11;Croissant de Almendras;2;70,00
3430;2024-01-04;Galleta de Jengibre;11;165,00
3430;2024-01-04;Donut Glaseado;12;180,00
3430;2024-01-04;Muffin de Chocolate;10;250,00
3430;2024-01-04;Palmera Natural;2;40,00
3430;2024-01-04;Donut de Chocolate;7;105,00
3430;2024-01-04;Macaron de Pistacho;9;135,00
3491;2024-01-18;Roll de Canela;9;225,00
3491;2024-01-18;Palmera de Chocolate;10;250,00
3491;2024-01-18;Pan de Chocolate;2;40,00
3491;2024-01-18;Tarta de Manzana;7;1050,00
3491;2024-01-18;Muffin de Arándanos;7;175,00
3491;2024-01-18;Tarta de Limón;7;1050,00
3499;2024-01-01;Eclair de Chocolate;2;70,00
3499;2024-01-01;Palmera Natural;9;180,00
3499;2024-01-01;Galleta de Jengibre;2;30,00
3499;2024-01-01;Berlina de Crema;8;160,00
3499;2024-01-01;Magdalena Clásica;12;120,00
3503;2024-01-06;Bretzel Dulce;7;140,00
3505;2024-01-02;Magdalena de Chocolate;3;36,00
3505;2024-01-02;Macaron de Vainilla;8;120,00
3505;2024-01-02;Mini Tarta de Frutas;3;150,00
3505;2024-01-02;Pan de Leche;9;90,00
3517;2024-01-17;Galleta de Avena;11;110,00
3517;2024-01-17;Tiramisú Individual;7;315,00
3517;2024-01-17;Tarta Red Velvet;9;1800,00
3517;2024-01-17;Roll de Chocolate;7;175,00
3537;2024-01-17;Cheesecake Clásico;1;200,00
3537;2024-01-17;Cheesecake de Fresa;8;1760,00
3550;2024-01-24;Donut Glaseado;10;150,00
3550;2024-01-24;Galleta de Mantequilla;8;80,00
3550;2024-01-24;Profiterol;1;15,00
3550;2024-01-24;Muffin de Plátano;1;25,00
3550;2024-01-24;Tarta de Chocolate;1;160,00
3569;2024-01-16;Galleta de Mantequilla;3;30,00
3569;2024-01-16;Tiramisú Individual;7;315,00
3569;2024-01-16;Palmera de Chocolate;6;150,00
3569;2024-01-16;Macaron de Vainilla;1;15,00
3569;2024-01-16;Macaron de Chocolate;4;60,00
3569;2024-01-16;Roll de Canela;6;150,00
3573;2024-01-23;Macaron de Frambuesa;2;30,00
3573;2024-01-23;Roll de Canela;11;275,00
3573;2024-01-23;Cheesecake Clásico;9;1800,00
3573;2024-01-23;Mini Tarta de Frutas;6;300,00
3573;2024-01-23;Profiterol;9;135,00
3573;2024-01-23;Rosquilla de Anís;6;60,00
3582;2024-01-18;Rosquilla de Anís;6;60,00
3582;2024-01-18;Napolitana de Crema;12;300,00
3582;2024-01-18;Galleta de Almendra;8;96,00
3590;2024-01-15;Berlina de Crema;12;240,00
3590;2024-01-15;Macaron de Vainilla;12;180,00
3590;2024-01-15;Tarta de Frutas;4;720,00
3590;2024-01-15;Muffin de Plátano;11;275,00
3590;2024-01-15;Bombón de Chocolate;8;64,00
3590;2024-01-15;Tarta de Manzana;8;1200,00
3595;2024-01-25;Macaron de Pistacho;4;60,00
3595;2024-01-25;Donut Relleno;5;100,00
3595;2024-01-25;Tarta Red Velvet;6;1200,00
3595;2024-01-25;Tiramisú Individual;4;180,00
3616;2024-01-05;Magdalena Clásica;12;120,00
3616;2024-01-05;Magdalena de Chocolate;3;36,00
3616;2024-01-05;Palmera Natural;8;160,00
3629;2024-01-01;Muffin de Chocolate;6;150,00
3629;2024-01-01;Croissant Clásico;6;150,00
3633;2024-01-02;Donut Glaseado;9;135,00
3633;2024-01-02;Strudel de Manzana;2;70,00
3640;2024-01-10;Galleta de Avena;7;70,00
3640;2024-01-10;Eclair de Vainilla;5;175,00
3650;2024-01-04;Berlina de Crema;11;220,00
3650;2024-01-04;Cheesecake de Oreo;6;1320,00
3650;2024-01-04;Tiramisú Individual;12;540,00
3650;2024-01-04;Tarta de Café;3;480,00
3650;2024-01-04;Mini Tarta de Frutas;10;500,00
3659;2024-01-16;Profiterol;9;135,00
3659;2024-01-16;Croissant de Almendras;11;385,00
3659;2024-01-16;Brownie;3;90,00
3659;2024-01-16;Palmera Natural;3;60,00
3659;2024-01-16;Tarta de Chocolate;11;1760,00
3659;2024-01-16;Tiramisú Individual;3;135,00
3659;2024-01-16;Mini Tarta de Frutas;4;200,00
3661;2024-01-04;Tarta Red Velvet;1;200,00
3661;2024-01-04;Muffin de Chocolate;1;25,00
3661;2024-01-04;Cheesecake Clásico;12;2400,00
3661;2024-01-04;Eclair de Vainilla;5;175,00
3661;2024-01-04;Eclair de Chocolate;1;35,00
3661;2024-01-04;Tarta de Café;2;320,00
3661;2024-01-04;Galleta de Coco;4;48,00
3661;2024-01-04;Pan de Chocolate;6;120,00
3666;2024-01-20;Croissant de Chocolate;5;150,00
3666;2024-01-20;Pan de Leche;4;40,00
3666;2024-01-20;Cheesecake de Fresa;7;1540,00
3666;2024-01-20;Mini Tarta de Frutas;10;500,00
3666;2024-01-20;Tarta de Café;5;800,00
3680;2024-01-25;Napolitana de Crema;4;100,00
3680;2024-01-25;Bretzel Dulce;3;60,00
3680;2024-01-25;Croissant Clásico;5;125,00
3680;2024-01-25;Mini Tarta de Frutas;8;400,00
3680;2024-01-25;Napolitana de Chocolate;10;250,00
3696;2024-01-01;Roll de Chocolate;1;25,00
3696;2024-01-01;Croissant de Chocolate;11;330,00
3696;2024-01-01;Galleta de Mantequilla;9;90,00
3696;2024-01-01;Napolitana de Crema;5;125,00
3696;2024-01-01;Strudel de Manzana;4;140,00
3697;2024-01-16;Pan de Chocolate;3;60,00
3697;2024-01-16;Macaron de Frambuesa;3;45,00
3697;2024-01-16;Macaron de Pistacho;9;135,00
3697;2024-01-16;Cheesecake de Fresa;3;660,00
3697;2024-01-16;Cheesecake de Oreo;4;880,00
3697;2024-01-16;Tarta de Chocolate;6;960,00
3697;2024-01-16;Galleta de Chocolate;2;20,00
3701;2024-01-14;Muffin de Chocolate;8;200,00
3701;2024-01-14;Galleta de Coco;10;120,00
3701;2024-01-14;Rosquilla de Anís;10;100,00
3701;2024-01-14;Cheesecake de Oreo;9;1980,00
3701;2024-01-14;Bombón de Chocolate;12;96,00
3701;2024-01-14;Muffin de Plátano;5;125,00
3701;2024-01-14;Croissant de Almendras;7;245,00
3701;2024-01-14;Macaron de Frambuesa;11;165,00
3707;2024-01-22;Donut de Chocolate;7;105,00
3707;2024-01-22;Galleta de Avena;7;70,00
3707;2024-01-22;Galleta de Coco;12;144,00
3712;2024-01-03;Croissant de Almendras;2;70,00
3712;2024-01-03;Macaron de Pistacho;2;30,00
3712;2024-01-03;Rosquilla de Anís;8;80,00
3712;2024-01-03;Tarta de Frutas;3;540,00
3728;2024-01-25;Galleta de Jengibre;7;105,00
3747;2024-01-19;Galleta de Avena;1;10,00
3747;2024-01-19;Cheesecake Clásico;12;2400,00
3747;2024-01-19;Bombón de Chocolate;3;24,00
3762;2024-01-17;Bombón de Chocolate;6;48,00
3762;2024-01-17;Tarta de Limón;1;150,00
3762;2024-01-17;Palmera Natural;6;120,00
3762;2024-01-17;Napolitana de Crema;6;150,00
3762;2024-01-17;Muffin de Arándanos;11;275,00
3762;2024-01-17;Palmera de Chocolate;4;100,00
3776;2024-01-13;Rosquilla de Anís;10;100,00
3776;2024-01-13;Napolitana de Chocolate;3;75,00
3776;2024-01-13;Roll de Chocolate;11;275,00
3776;2024-01-13;Donut Glaseado;4;60,00
3778;2024-01-27;Macaron de Chocolate;5;75,00
3783;2024-01-13;Napolitana de Chocolate;3;75,00
3783;2024-01-13;Cheesecake de Oreo;9;1980,00
3783;2024-01-13;Roll de Canela;1;25,00
3783;2024-01-13;Pan de Leche;7;70,00
3794;2024-01-25;Tarta de Limón;7;1050,00
3794;2024-01-25;Tarta Red Velvet;10;2000,00
3794;2024-01-25;Tarta de Café;12;1920,00
3794;2024-01-25;Profiterol;11;165,00
3794;2024-01-25;Palmera de Chocolate;12;300,00
3801;2024-01-15;Galleta de Coco;12;144,00
3801;2024-01-15;Pan de Chocolate;4;80,00
3801;2024-01-15;Eclair de Chocolate;7;245,00
3801;2024-01-15;Magdalena Clásica;3;30,00
3801;2024-01-15;Donut Glaseado;11;165,00
3829;2024-01-23;Galleta de Almendra;10;120,00
3829;2024-01-23;Galleta de Mantequilla;5;50,00
3829;2024-01-23;Tarta de Frutas;11;1980,00
3829;2024-01-23;Strudel de Manzana;2;70,00
3829;2024-01-23;Croissant de Almendras;9;315,00
3835;2024-01-23;Tarta de Frutas;4;720,00
3835;2024-01-23;Mini Tarta de Frutas;12;600,00
3839;2024-01-09;Berlina de Crema;9;180,00
3839;2024-01-09;Napolitana de Crema;6;150,00
3839;2024-01-09;Galleta de Mantequilla;12;120,00
3839;2024-01-09;Eclair de Vainilla;1;35,00
3839;2024-01-09;Tarta de Frutas;11;1980,00
3839;2024-01-09;Roll de Canela;7;175,00
3843;2024-01-08;Tiramisú Individual;10;450,00
3843;2024-01-08;Croissant Clásico;8;200,00
3843;2024-01-08;Donut de Chocolate;11;165,00
3843;2024-01-08;Napolitana de Chocolate;9;225,00
3843;2024-01-08;Strudel de Manzana;1;35,00
3843;2024-01-08;Croissant de Almendras;7;245,00
3843;2024-01-08;Galleta de Chocolate;2;20,00
3857;2024-01-04;Macaron de Chocolate;8;120,00
3857;2024-01-04;Cheesecake de Oreo;3;660,00
3857;2024-01-04;Macaron de Frambuesa;10;150,00
3857;2024-01-04;Bombón de Chocolate;7;56,00
3857;2024-01-04;Palmera de Chocolate;9;225,00
3865;2024-01-08;Donut Glaseado;6;90,00
3865;2024-01-08;Bretzel Dulce;5;100,00
3865;2024-01-08;Tiramisú Individual;5;225,00
3865;2024-01-08;Croissant de Almendras;5;175,00
3865;2024-01-08;Galleta de Chocolate;8;80,00
3865;2024-01-08;Berlina de Chocolate;1;20,00
3868;2024-01-22;Tarta de Café;7;1120,00
3868;2024-01-22;Galleta de Chocolate;11;110,00
3869;2024-01-01;Tarta Red Velvet;6;1200,00
3869;2024-01-01;Rosquilla de Anís;10;100,00
3869;2024-01-01;Pan de Chocolate;9;180,00
3869;2024-01-01;Tarta de Limón;6;900,00
3886;2024-01-21;Muffin de Chocolate;11;275,00
3886;2024-01-21;Croissant de Almendras;7;245,00
3886;2024-01-21;Donut de Chocolate;8;120,00
3891;2024-01-26;Donut Relleno;7;140,00
3891;2024-01-26;Macaron de Chocolate;12;180,00
3891;2024-01-26;Macaron de Vainilla;12;180,00
3891;2024-01-26;Tarta de Limón;1;150,00
3891;2024-01-26;Cheesecake de Oreo;8;1760,00
3891;2024-01-26;Cheesecake Clásico;8;1600,00
3894;2024-01-08;Croissant de Chocolate;5;150,00
3894;2024-01-08;Muffin de Chocolate;8;200,00
3894;2024-01-08;Galleta de Almendra;5;60,00
3894;2024-01-08;Donut Relleno;2;40,00
3895;2024-01-05;Croissant de Chocolate;4;120,00
3895;2024-01-05;Pan de Chocolate;11;220,00
3917;2024-01-11;Cheesecake de Fresa;5;1100,00
3917;2024-01-11;Muffin de Plátano;11;275,00
3917;2024-01-11;Napolitana de Chocolate;7;175,00
3917;2024-01-11;Brownie;9;270,00
3917;2024-01-11;Palmera Natural;7;140,00
3917;2024-01-11;Profiterol;4;60,00
3917;2024-01-11;Cheesecake Clásico;5;1000,00
3918;2024-01-24;Donut Relleno;5;100,00
3918;2024-01-24;Muffin de Plátano;6;150,00
3918;2024-01-24;Brownie;2;60,00
3918;2024-01-24;Croissant Clásico;2;50,00
3918;2024-01-24;Tarta de Limón;5;750,00
3918;2024-01-24;Cheesecake Clásico;7;1400,00
3918;2024-01-24;Berlina de Crema;3;60,00
3956;2024-01-05;Brownie;8;240,00
3961;2024-01-14;Roll de Chocolate;1;25,00
3976;2024-01-07;Tarta Red Velvet;9;1800,00
3976;2024-01-07;Brownie;4;120,00
3976;2024-01-07;Napolitana de Crema;11;275,00
3976;2024-01-07;Galleta de Mantequilla;9;90,00
3976;2024-01-07;Cheesecake Clásico;2;400,00
3976;2024-01-07;Palmera Natural;10;200,00
4006;2024-01-06;Macaron de Chocolate;2;30,00
4010;2024-01-24;Tarta de Limón;1;150,00
4011;2024-01-17;Macaron de Frambuesa;11;165,00
4012;2024-01-19;Galleta de Coco;1;12,00
4012;2024-01-19;Galleta de Chocolate;6;60,00
4012;2024-01-19;Berlina de Crema;4;80,00
4012;2024-01-19;Roll de Canela;12;300,00
4013;2024-01-12;Napolitana de Crema;10;250,00
4013;2024-01-12;Muffin de Arándanos;4;100,00
4019;2024-01-21;Galleta de Jengibre;12;180,00
4019;2024-01-21;Rosquilla de Anís;12;120,00
4019;2024-01-21;Muffin de Arándanos;8;200,00
4019;2024-01-21;Cheesecake Clásico;11;2200,00
4029;2024-01-09;Muffin de Chocolate;10;250,00
4034;2024-01-06;Bombón de Chocolate;12;96,00
4063;2024-01-19;Cheesecake de Fresa;3;660,00
4065;2024-01-15;Tiramisú Individual;11;495,00
4065;2024-01-15;Napolitana de Chocolate;1;25,00
4075;2024-01-13;Brownie;11;330,00
4075;2024-01-13;Cheesecake de Fresa;12;2640,00
4075;2024-01-13;Croissant Clásico;7;175,00
4075;2024-01-13;Bombón de Chocolate;12;96,00
4075;2024-01-13;Donut Glaseado;10;150,00
4075;2024-01-13;Berlina de Crema;11;220,00
4075;2024-01-13;Tarta de Chocolate;10;1600,00
4088;2024-01-25;Croissant Clásico;6;150,00
4088;2024-01-25;Mini Tarta de Frutas;9;450,00
4088;2024-01-25;Galleta de Chocolate;12;120,00
4088;2024-01-25;Galleta de Mantequilla;4;40,00
4096;2024-01-21;Tarta Red Velvet;5;1000,00
4096;2024-01-21;Berlina de Chocolate;2;40,00
4096;2024-01-21;Muffin de Arándanos;5;125,00
4096;2024-01-21;Galleta de Mantequilla;6;60,00
4096;2024-01-21;Eclair de Vainilla;9;315,00
4096;2024-01-21;Pan de Chocolate;4;80,00
4096;2024-01-21;Muffin de Plátano;6;150,00
4096;2024-01-21;Galleta de Coco;3;36,00
4109;2024-01-24;Eclair de Chocolate;4;140,00
4126;2024-01-10;Macaron de Vainilla;8;120,00
4131;2024-01-28;Macaron de Pistacho;3;45,00
4131;2024-01-28;Galleta de Mantequilla;8;80,00
4131;2024-01-28;Tarta de Chocolate;6;960,00
4131;2024-01-28;Tiramisú Individual;4;180,00
4137;2024-01-27;Berlina de Chocolate;12;240,00
4137;2024-01-27;Macaron de Chocolate;9;135,00
4153;2024-01-25;Berlina de Chocolate;5;100,00
4153;2024-01-25;Cheesecake de Oreo;12;2640,00
4153;2024-01-25;Profiterol;9;135,00
4153;2024-01-25;Napolitana de Chocolate;10;250,00
4162;2024-01-03;Muffin de Chocolate;10;250,00
4162;2024-01-03;Macaron de Vainilla;11;165,00
4162;2024-01-03;Napolitana de Chocolate;4;100,00
4162;2024-01-03;Palmera Natural;1;20,00
4167;2024-01-27;Cheesecake de Fresa;2;440,00
4167;2024-01-27;Tarta Red Velvet;10;2000,00
4177;2024-01-14;Macaron de Vainilla;10;150,00
4184;2024-01-06;Galleta de Mantequilla;2;20,00
4198;2024-01-25;Roll de Chocolate;6;150,00
4198;2024-01-25;Rosquilla de Anís;6;60,00
4216;2024-01-23;Muffin de Arándanos;6;150,00
4216;2024-01-23;Cheesecake Clásico;9;1800,00
4216;2024-01-23;Macaron de Frambuesa;10;150,00
4216;2024-01-23;Eclair de Vainilla;10;350,00
4230;2024-01-27;Brownie;10;300,00
4230;2024-01-27;Macaron de Pistacho;7;105,00
4230;2024-01-27;Napolitana de Crema;1;25,00
4230;2024-01-27;Galleta de Almendra;5;60,00
4230;2024-01-27;Strudel de Manzana;7;245,00
4230;2024-01-27;Galleta de Mantequilla;7;70,00
4230;2024-01-27;Rosquilla de Anís;5;50,00
4232;2024-01-22;Tarta de Chocolate;4;640,00
4232;2024-01-22;Tarta de Limón;9;1350,00
4232;2024-01-22;Brownie;4;120,00
4236;2024-01-24;Brownie;5;150,00
4236;2024-01-24;Strudel de Manzana;4;140,00
4236;2024-01-24;Macaron de Pistacho;5;75,00
4236;2024-01-24;Eclair de Chocolate;12;420,00
4236;2024-01-24;Magdalena de Chocolate;12;144,00
4236;2024-01-24;Galleta de Mantequilla;7;70,00
4236;2024-01-24;Berlina de Crema;5;100,00
4236;2024-01-24;Tarta de Limón;6;900,00
4240;2024-01-09;Palmera de Chocolate;6;150,00
4240;2024-01-09;Cheesecake de Oreo;10;2200,00
4248;2024-01-28;Croissant Clásico;8;200,00
4248;2024-01-28;Croissant de Almendras;7;245,00
4248;2024-01-28;Galleta de Jengibre;11;165,00
4248;2024-01-28;Galleta de Coco;8;96,00
4248;2024-01-28;Tarta de Limón;6;900,00
4248;2024-01-28;Bretzel Dulce;9;180,00
4248;2024-01-28;Bombón de Chocolate;3;24,00
4248;2024-01-28;Magdalena de Chocolate;11;132,00
4256;2024-01-09;Bombón de Chocolate;3;24,00
4256;2024-01-09;Tarta de Frutas;12;2160,00
4256;2024-01-09;Tarta de Manzana;4;600,00
4256;2024-01-09;Tiramisú Individual;12;540,00
4260;2024-01-27;Napolitana de Crema;10;250,00
4260;2024-01-27;Mini Tarta de Frutas;10;500,00
4260;2024-01-27;Croissant de Chocolate;2;60,00
4260;2024-01-27;Tarta de Manzana;11;1650,00
4260;2024-01-27;Roll de Chocolate;2;50,00
4260;2024-01-27;Tarta de Café;11;1760,00
4260;2024-01-27;Bombón de Chocolate;9;72,00
4260;2024-01-27;Galleta de Mantequilla;6;60,00
4295;2024-01-03;Magdalena Clásica;10;100,00
4295;2024-01-03;Brownie;3;90,00
4297;2024-01-12;Galleta de Almendra;1;12,00
4297;2024-01-12;Cheesecake de Fresa;10;2200,00
4297;2024-01-12;Macaron de Chocolate;12;180,00
4297;2024-01-12;Muffin de Arándanos;5;125,00
4297;2024-01-12;Tarta de Limón;10;1500,00
4316;2024-01-25;Tarta de Limón;10;1500,00
4316;2024-01-25;Bretzel Dulce;9;180,00
4316;2024-01-25;Tarta Red Velvet;7;1400,00
4316;2024-01-25;Eclair de Chocolate;2;70,00
4316;2024-01-25;Profiterol;8;120,00
4316;2024-01-25;Roll de Chocolate;1;25,00
4316;2024-01-25;Berlina de Chocolate;11;220,00
4325;2024-01-28;Galleta de Avena;4;40,00
4325;2024-01-28;Muffin de Arándanos;8;200,00
4325;2024-01-28;Pan de Chocolate;1;20,00
4325;2024-01-28;Macaron de Vainilla;1;15,00
4325;2024-01-28;Galleta de Jengibre;10;150,00
4325;2024-01-28;Macaron de Pistacho;3;45,00
4326;2024-01-16;Galleta de Jengibre;11;165,00
4326;2024-01-16;Brownie;10;300,00
4326;2024-01-16;Cheesecake Clásico;10;2000,00
4326;2024-01-16;Croissant Clásico;11;275,00
4326;2024-01-16;Muffin de Arándanos;12;300,00
4326;2024-01-16;Macaron de Chocolate;10;150,00
4326;2024-01-16;Cheesecake de Oreo;2;440,00
4326;2024-01-16;Palmera Natural;2;40,00
4344;2024-01-01;Palmera de Chocolate;11;275,00
4344;2024-01-01;Berlina de Crema;12;240,00
4344;2024-01-01;Rosquilla de Anís;10;100,00
4347;2024-01-05;Muffin de Plátano;4;100,00
4347;2024-01-05;Galleta de Jengibre;11;165,00
4347;2024-01-05;Roll de Chocolate;9;225,00
4347;2024-01-05;Rosquilla de Anís;9;90,00
4347;2024-01-05;Bombón de Chocolate;5;40,00
4364;2024-01-02;Donut de Chocolate;11;165,00
4364;2024-01-02;Tarta Red Velvet;1;200,00
4364;2024-01-02;Magdalena Clásica;6;60,00
4364;2024-01-02;Muffin de Plátano;6;150,00
4364;2024-01-02;Napolitana de Crema;2;50,00
4364;2024-01-02;Profiterol;12;180,00
4364;2024-01-02;Cheesecake de Oreo;5;1100,00
4365;2024-01-16;Tarta de Chocolate;12;1920,00
4365;2024-01-16;Galleta de Mantequilla;10;100,00
4365;2024-01-16;Magdalena de Chocolate;5;60,00
4366;2024-01-23;Macaron de Frambuesa;3;45,00
4366;2024-01-23;Donut Relleno;11;220,00
4385;2024-01-20;Galleta de Coco;9;108,00
4390;2024-01-13;Macaron de Pistacho;4;60,00
4401;2024-01-13;Mini Tarta de Frutas;8;400,00
4401;2024-01-13;Berlina de Chocolate;3;60,00
4401;2024-01-13;Magdalena de Chocolate;8;96,00
4401;2024-01-13;Donut de Chocolate;4;60,00
4401;2024-01-13;Cheesecake de Oreo;2;440,00
4401;2024-01-13;Tarta de Café;1;160,00
4401;2024-01-13;Profiterol;5;75,00
4401;2024-01-13;Tarta Red Velvet;6;1200,00
4419;2024-01-07;Tiramisú Individual;1;45,00
4419;2024-01-07;Croissant de Almendras;9;315,00
4419;2024-01-07;Bretzel Dulce;3;60,00
4419;2024-01-07;Palmera Natural;4;80,00
4419;2024-01-07;Cheesecake de Oreo;2;440,00
4419;2024-01-07;Tarta de Limón;7;1050,00
4422;2024-01-21;Galleta de Mantequilla;9;90,00
4422;2024-01-21;Roll de Chocolate;1;25,00
4444;2024-01-11;Napolitana de Chocolate;2;50,00
4444;2024-01-11;Galleta de Mantequilla;4;40,00
4444;2024-01-11;Macaron de Vainilla;12;180,00
4444;2024-01-11;Roll de Canela;9;225,00
4444;2024-01-11;Berlina de Chocolate;6;120,00
4444;2024-01-11;Magdalena Clásica;2;20,00
4444;2024-01-11;Tarta Red Velvet;12;2400,00
4453;2024-01-25;Magdalena Clásica;2;20,00
4453;2024-01-25;Tarta de Chocolate;3;480,00
4453;2024-01-25;Palmera de Chocolate;6;150,00
4465;2024-01-19;Donut de Chocolate;6;90,00
4465;2024-01-19;Tarta de Limón;2;300,00
4465;2024-01-19;Brownie;5;150,00
4465;2024-01-19;Cheesecake de Fresa;9;1980,00
4490;2024-01-25;Galleta de Jengibre;6;90,00
4497;2024-01-22;Tarta de Café;2;320,00
4497;2024-01-22;Pan de Leche;9;90,00
4497;2024-01-22;Donut de Chocolate;6;90,00
4506;2024-01-11;Strudel de Manzana;5;175,00
4506;2024-01-11;Pan de Leche;4;40,00
4506;2024-01-11;Magdalena Clásica;5;50,00
4506;2024-01-11;Bombón de Chocolate;9;72,00
4506;2024-01-11;Palmera de Chocolate;2;50,00
4529;2024-01-03;Donut Relleno;5;100,00
4529;2024-01-03;Tiramisú Individual;11;495,00
4529;2024-01-03;Cheesecake Clásico;7;1400,00
4533;2024-01-01;Brownie;4;120,00
4533;2024-01-01;Berlina de Crema;5;100,00
4533;2024-01-01;Napolitana de Chocolate;10;250,00
4533;2024-01-01;Pan de Leche;12;120,00
4533;2024-01-01;Donut Relleno;3;60,00
4533;2024-01-01;Profiterol;6;90,00
4533;2024-01-01;Mini Tarta de Frutas;8;400,00
4533;2024-01-01;Galleta de Jengibre;12;180,00
4552;2024-01-20;Rosquilla de Anís;4;40,00
4555;2024-01-10;Tarta de Chocolate;4;640,00
4555;2024-01-10;Tiramisú Individual;11;495,00
4555;2024-01-10;Muffin de Plátano;2;50,00
4555;2024-01-10;Tarta Red Velvet;5;1000,00
4555;2024-01-10;Roll de Canela;11;275,00
4566;2024-01-20;Donut de Chocolate;7;105,00
4566;2024-01-20;Galleta de Almendra;5;60,00
4566;2024-01-20;Profiterol;8;120,00
4566;2024-01-20;Galleta de Jengibre;4;60,00
4566;2024-01-20;Magdalena Clásica;5;50,00
4566;2024-01-20;Muffin de Chocolate;10;250,00
4566;2024-01-20;Bombón de Chocolate;4;32,00
4566;2024-01-20;Eclair de Vainilla;7;245,00
4578;2024-01-19;Roll de Canela;2;50,00
4578;2024-01-19;Macaron de Frambuesa;5;75,00
4578;2024-01-19;Pan de Chocolate;4;80,00
4578;2024-01-19;Galleta de Jengibre;8;120,00
4578;2024-01-19;Donut Relleno;7;140,00
4602;2024-01-06;Strudel de Manzana;2;70,00
4602;2024-01-06;Donut Glaseado;6;90,00
4602;2024-01-06;Magdalena Clásica;1;10,00
4602;2024-01-06;Croissant Clásico;8;200,00
4602;2024-01-06;Macaron de Vainilla;5;75,00
4602;2024-01-06;Eclair de Vainilla;10;350,00
4623;2024-01-09;Donut Relleno;4;80,00
4623;2024-01-09;Roll de Chocolate;12;300,00
4623;2024-01-09;Muffin de Chocolate;7;175,00
4623;2024-01-09;Napolitana de Chocolate;12;300,00
4623;2024-01-09;Eclair de Vainilla;11;385,00
4623;2024-01-09;Macaron de Frambuesa;2;30,00
4638;2024-01-09;Galleta de Avena;3;30,00
4638;2024-01-09;Galleta de Coco;5;60,00
4638;2024-01-09;Cheesecake Clásico;8;1600,00
4638;2024-01-09;Macaron de Frambuesa;8;120,00
4638;2024-01-09;Magdalena de Chocolate;12;144,00
4638;2024-01-09;Tarta de Chocolate;1;160,00
4638;2024-01-09;Pan de Chocolate;10;200,00
4660;2024-01-24;Palmera Natural;4;80,00
4660;2024-01-24;Galleta de Chocolate;7;70,00
4660;2024-01-24;Croissant de Almendras;12;420,00
4660;2024-01-24;Profiterol;8;120,00
4660;2024-01-24;Macaron de Pistacho;11;165,00
4664;2024-01-04;Berlina de Crema;1;20,00
4670;2024-01-20;Macaron de Vainilla;7;105,00
4670;2024-01-20;Profiterol;4;60,00
4670;2024-01-20;Galleta de Mantequilla;7;70,00
4670;2024-01-20;Napolitana de Chocolate;9;225,00
4670;2024-01-20;Muffin de Plátano;5;125,00
4670;2024-01-20;Tiramisú Individual;10;450,00
4672;2024-01-12;Eclair de Chocolate;7;245,00
4672;2024-01-12;Magdalena de Chocolate;5;60,00
4672;2024-01-12;Tarta de Manzana;2;300,00
4672;2024-01-12;Pan de Chocolate;3;60,00
4672;2024-01-12;Tarta Red Velvet;4;800,00
4692;2024-01-06;Brownie;3;90,00
4692;2024-01-06;Berlina de Chocolate;5;100,00
4696;2024-01-10;Bretzel Dulce;3;60,00
4696;2024-01-10;Tarta de Limón;6;900,00
4696;2024-01-10;Magdalena de Chocolate;6;72,00
4696;2024-01-10;Brownie;3;90,00
4696;2024-01-10;Tarta Red Velvet;1;200,00
4696;2024-01-10;Bombón de Chocolate;11;88,00
4696;2024-01-10;Roll de Canela;1;25,00
4696;2024-01-10;Muffin de Arándanos;10;250,00
4703;2024-01-21;Macaron de Frambuesa;9;135,00
4703;2024-01-21;Tarta Red Velvet;5;1000,00
4709;2024-01-09;Tarta de Frutas;4;720,00
4709;2024-01-09;Pan de Chocolate;7;140,00
4709;2024-01-09;Macaron de Chocolate;6;90,00
4709;2024-01-09;Muffin de Arándanos;11;275,00
4709;2024-01-09;Muffin de Chocolate;4;100,00
4709;2024-01-09;Donut Glaseado;1;15,00
4709;2024-01-09;Pan de Leche;8;80,00
4709;2024-01-09;Brownie;8;240,00
4714;2024-01-11;Bretzel Dulce;9;180,00
4714;2024-01-11;Napolitana de Chocolate;9;225,00
4714;2024-01-11;Tarta Red Velvet;11;2200,00
4714;2024-01-11;Eclair de Chocolate;11;385,00
4714;2024-01-11;Palmera de Chocolate;2;50,00
4714;2024-01-11;Galleta de Jengibre;11;165,00
4714;2024-01-11;Muffin de Arándanos;7;175,00
4719;2024-01-01;Brownie;8;240,00
4719;2024-01-01;Napolitana de Crema;8;200,00
4719;2024-01-01;Palmera de Chocolate;11;275,00
4719;2024-01-01;Tiramisú Individual;7;315,00
4719;2024-01-01;Macaron de Frambuesa;9;135,00
4719;2024-01-01;Magdalena Clásica;11;110,00
4720;2024-01-10;Cheesecake Clásico;6;1200,00
4720;2024-01-10;Tarta de Café;2;320,00
4720;2024-01-10;Berlina de Chocolate;7;140,00
4720;2024-01-10;Rosquilla de Anís;9;90,00
4720;2024-01-10;Palmera Natural;5;100,00
4720;2024-01-10;Muffin de Plátano;10;250,00
4720;2024-01-10;Cheesecake de Fresa;4;880,00
4727;2024-01-15;Tarta de Manzana;3;450,00
4727;2024-01-15;Strudel de Manzana;4;140,00
4727;2024-01-15;Galleta de Almendra;5;60,00
4727;2024-01-15;Donut Relleno;8;160,00
4727;2024-01-15;Donut Glaseado;11;165,00
4727;2024-01-15;Cheesecake de Oreo;11;2420,00
4727;2024-01-15;Eclair de Chocolate;6;210,00
4732;2024-01-22;Galleta de Almendra;6;72,00
4732;2024-01-22;Muffin de Arándanos;9;225,00
4732;2024-01-22;Donut Relleno;10;200,00
4732;2024-01-22;Roll de Chocolate;8;200,00
4741;2024-01-28;Muffin de Chocolate;11;275,00
4741;2024-01-28;Galleta de Coco;8;96,00
4741;2024-01-28;Rosquilla de Anís;3;30,00
4741;2024-01-28;Brownie;4;120,00
4745;2024-01-19;Mini Tarta de Frutas;3;150,00
4745;2024-01-19;Galleta de Mantequilla;1;10,00
4745;2024-01-19;Tarta de Frutas;3;540,00
4745;2024-01-19;Cheesecake de Fresa;7;1540,00
4745;2024-01-19;Macaron de Vainilla;5;75,00
4745;2024-01-19;Galleta de Coco;9;108,00
4745;2024-01-19;Tarta de Café;7;1120,00
4759;2024-01-22;Croissant de Chocolate;5;150,00
4759;2024-01-22;Galleta de Avena;4;40,00
4759;2024-01-22;Macaron de Frambuesa;1;15,00
4759;2024-01-22;Strudel de Manzana;4;140,00
4759;2024-01-22;Cheesecake de Fresa;8;1760,00
4759;2024-01-22;Napolitana de Chocolate;8;200,00
4759;2024-01-22;Donut Glaseado;10;150,00
4772;2024-01-05;Rosquilla de Anís;8;80,00
4772;2024-01-05;Cheesecake de Fresa;9;1980,00
4772;2024-01-05;Tarta de Chocolate;8;1280,00
4780;2024-01-17;Cheesecake de Oreo;6;1320,00
4780;2024-01-17;Galleta de Chocolate;10;100,00
4780;2024-01-17;Magdalena de Chocolate;7;84,00
4780;2024-01-17;Brownie;5;150,00
4780;2024-01-17;Galleta de Coco;1;12,00
4780;2024-01-17;Magdalena Clásica;1;10,00
4780;2024-01-17;Eclair de Vainilla;8;280,00
4780;2024-01-17;Tarta de Chocolate;5;800,00
4798;2024-01-22;Magdalena de Chocolate;10;120,00
4798;2024-01-22;Roll de Chocolate;5;125,00
4819;2024-01-28;Eclair de Chocolate;8;280,00
4819;2024-01-28;Cheesecake Clásico;12;2400,00
4842;2024-01-11;Tarta Red Velvet;9;1800,00
4842;2024-01-11;Galleta de Chocolate;8;80,00
4842;2024-01-11;Macaron de Vainilla;12;180,00
4842;2024-01-11;Macaron de Pistacho;5;75,00
4842;2024-01-11;Tarta de Manzana;8;1200,00
4842;2024-01-11;Croissant de Chocolate;10;300,00
4842;2024-01-11;Macaron de Frambuesa;10;150,00
4843;2024-01-13;Donut Glaseado;5;75,00
4843;2024-01-13;Macaron de Pistacho;9;135,00
4852;2024-01-15;Bretzel Dulce;10;200,00
4852;2024-01-15;Cheesecake de Fresa;4;880,00
4852;2024-01-15;Donut Glaseado;1;15,00
4864;2024-01-21;Muffin de Arándanos;12;300,00
4867;2024-01-25;Croissant Clásico;11;275,00
4867;2024-01-25;Muffin de Arándanos;4;100,00
4874;2024-01-22;Galleta de Almendra;5;60,00
4874;2024-01-22;Tarta de Limón;4;600,00
4874;2024-01-22;Galleta de Chocolate;8;80,00
4874;2024-01-22;Muffin de Chocolate;1;25,00
4874;2024-01-22;Galleta de Avena;3;30,00
4874;2024-01-22;Macaron de Pistacho;1;15,00
4874;2024-01-22;Eclair de Vainilla;5;175,00
4893;2024-01-17;Rosquilla de Anís;4;40,00
4893;2024-01-17;Bombón de Chocolate;6;48,00
4893;2024-01-17;Profiterol;1;15,00
4893;2024-01-17;Galleta de Chocolate;9;90,00
4893;2024-01-17;Macaron de Chocolate;3;45,00
4893;2024-01-17;Croissant Clásico;2;50,00
4893;2024-01-17;Donut Glaseado;1;15,00
4895;2024-01-09;Tarta de Manzana;6;900,00
4895;2024-01-09;Croissant Clásico;10;250,00
4895;2024-01-09;Strudel de Manzana;11;385,00
4895;2024-01-09;Roll de Chocolate;10;250,00
4895;2024-01-09;Brownie;5;150,00
4915;2024-01-08;Bombón de Chocolate;12;96,00
4915;2024-01-08;Donut Relleno;12;240,00
4915;2024-01-08;Rosquilla de Anís;5;50,00
4918;2024-01-01;Brownie;10;300,00
4918;2024-01-01;Roll de Canela;2;50,00
4918;2024-01-01;Tarta de Café;9;1440,00
4918;2024-01-01;Tarta de Manzana;12;1800,00
4918;2024-01-01;Donut Glaseado;10;150,00
4918;2024-01-01;Muffin de Chocolate;8;200,00
4918;2024-01-01;Muffin de Arándanos;11;275,00
4934;2024-01-08;Galleta de Chocolate;10;100,00
4934;2024-01-08;Cheesecake Clásico;10;2000,00
4934;2024-01-08;Galleta de Avena;9;90,00
4934;2024-01-08;Palmera Natural;2;40,00
4934;2024-01-08;Rosquilla de Anís;6;60,00
4954;2024-01-14;Croissant Clásico;10;250,00
4954;2024-01-14;Bombón de Chocolate;2;16,00
4954;2024-01-14;Tarta de Limón;6;900,00
4954;2024-01-14;Galleta de Coco;9;108,00
4954;2024-01-14;Magdalena de Chocolate;7;84,00
4954;2024-01-14;Croissant de Chocolate;8;240,00
4955;2024-01-16;Roll de Canela;9;225,00
4955;2024-01-16;Magdalena Clásica;3;30,00
4955;2024-01-16;Macaron de Chocolate;4;60,00
4960;2024-01-18;Berlina de Crema;2;40,00
4960;2024-01-18;Pan de Chocolate;10;200,00
4960;2024-01-18;Bombón de Chocolate;9;72,00
4960;2024-01-18;Berlina de Chocolate;6;120,00
4960;2024-01-18;Croissant Clásico;11;275,00
4960;2024-01-18;Magdalena Clásica;4;40,00
4960;2024-01-18;Roll de Canela;3;75,00
4973;2024-01-07;Macaron de Pistacho;9;135,00
4973;2024-01-07;Brownie;12;360,00
4973;2024-01-07;Tarta de Chocolate;10;1600,00
4973;2024-01-07;Macaron de Chocolate;2;30,00
4976;2024-01-10;Eclair de Vainilla;1;35,00
4976;2024-01-10;Tarta de Limón;4;600,00
4976;2024-01-10;Eclair de Chocolate;2;70,00
4976;2024-01-10;Magdalena de Chocolate;2;24,00
4976;2024-01-10;Cheesecake de Oreo;6;1320,00
4989;2024-01-07;Tarta de Frutas;2;360,00
4989;2024-01-07;Tarta de Chocolate;9;1440,00
4989;2024-01-07;Donut de Chocolate;10;150,00
4989;2024-01-07;Palmera Natural;2;40,00
4989;2024-01-07;Tiramisú Individual;6;270,00
4989;2024-01-07;Pan de Chocolate;4;80,00
4989;2024-01-07;Muffin de Plátano;3;75,00
4998;2024-01-27;Tiramisú Individual;8;360,00
